naziv;nadredjena_ustanova;vrsta_ustanove;tip_financiranja;upisnik;adresa;mjesto;telefon;faks;e_mail;web;celnik
Agronomski fakultet, Zagreb;Sveučilište u Zagrebu;Fakultet;Javno;Znanstvena ustanova i visoko učilište;Svetošimunska cesta 25;Zagreb;(+385 1) 2393 777;(+385 1) 2315 300;dekanat@agr.hr;www.agr.unizg.hr;dekan prof. dr. sc. Ivica Kisić
Akademija dramske umjetnosti, Zagreb;Sveučilište u Zagrebu;Umjetnička akademija;Javno;Znanstvena ustanova i visoko učilište;Trg Republike Hrvatske 5;Zagreb;"(+385 1) 4828 506; 4828 507";(+385 1) 4828 508;dekanat@adu.hr;www.adu.unizg.hr;dekan doc. Davor Švaić
Akademija likovnih umjetnosti, Zagreb;Sveučilište u Zagrebu;Umjetnička akademija;Javno;Znanstvena ustanova i visoko učilište;Ilica 85;Zagreb;(+385 1) 3777-300;(+385 1) 3773 401;alu@alu.hr;www.alu.unizg.hr;dekan Tomislav Buntak
Akademija primijenjenih umjetnosti u Rijeci;Sveučilište u Rijeci;Umjetnička akademija;Javno;Visoko učilište;Slavka Krautzeka 83;Rijeka;(+385 51) 228 880;(+385 51) 322 363;dekanat@apuri.hr;www.apuri.uniri.hr;dekanica mr. sc. Letricija Linardić
Akademija za umjetnost i kulturu, Osijek;Sveučilište  Josipa Jurja Strossmayera u Osijeku;Umjetnička akademija;Javno;Visoko učilište;Kralja Petra Svečića 1/f;Osijek;(+385 31 253 333);(+385 31 253 353);aukos@aukos.hr;www.aukos.hr;dekanica prof. dr. sc. Helena Sablić Tomić
Arhitektonski fakultet, Zagreb;Sveučilište u Zagrebu;Fakultet;Javno;Znanstvena ustanova i visoko učilište;Fra Andrije Kačića Miošića 26;Zagreb;(+385 1) 4639 222;(+385 1) 4838 810;dekan@arhitekt.hr;www.arhitekt.unizg.hr;dekan prof. dr. sc. Bojan Baletić
Edukacijsko-rehabilitacijski fakultet, Zagreb;Sveučilište u Zagrebu;Fakultet;Javno;Znanstvena ustanova i visoko učilište;Borongajska cesta 83f;Zagreb;(+385 1) 2457 000;(+385 1) 2457 559;dekan@erf.unizg.hr;www.erf.unizg.hr;dekan dr. sc. Ante Bilić-Prcić
Edward Bernays Visoka škola za komunikacijski menadžment, Zagreb;NA;Visoka škola;Privatno;Visoko učilište;Ratkajev prolaz 8;Zagreb;(+385 1) 555 1212;(+385 1) 555 1779;info@bernays.hr;www.bernays.hr;dekan doc. dr. sc. Damir Jugo
EFFECTUS poduzetnički studiji - visoko učilište, Zagreb;NA;Visoka škola;Privatno;Znanstvena ustanova i visoko učilište;Trg J. F. Kennedya 2;Zagreb;(+385 1)  6117 777;(+385 1) 6117 022;referada@effectus.com.hr;www.effectus.com.hr;v.d. dekan dr. sc. Đuro Horvat
Ekonomski fakultet, Osijek;Sveučilište  Josipa Jurja Strossmayera u Osijeku;Fakultet;Javno;Znanstvena ustanova i visoko učilište;Gajev trg 7;Osijek;(+385 31) 224 400;(+385 31) 211 604;ured@efos.hr;www.efos.unios.hr;dekan dr. sc. Boris Crnković
Ekonomski fakultet, Rijeka;Sveučilište u Rijeci;Fakultet;Javno;Znanstvena ustanova i visoko učilište;Ivana Filipovića 4;Rijeka;"(+385 51) 355 111; (+385 51) 355 100";NA;efri@efri.hr;www.efri.uniri.hr;dekan prof. dr. sc. Alen Host
Ekonomski fakultet, Split;Sveučilište u Splitu;Fakultet;Javno;Znanstvena ustanova i visoko učilište;Cvite Fisković 5;Split;(+385 21) 430 601;(+385 21) 430 701;dekanat@efst.hr;www.efst.unist.hr;dekanica prof. dr. sc. Maja Fredotović
Ekonomski fakultet, Zagreb;Sveučilište u Zagrebu;Fakultet;Javno;Znanstvena ustanova i visoko učilište;Trg. J. F. Kennedya 6;Zagreb;(+385 1) 2383 333;(+385 1) 2335 633;"dekan@efzg.hr; dean@efzg.hr";www.efzg.unizg.hr;dekan prof. dr. sc. Jurica Pavičić
Europska poslovna škola Zagreb, Zagreb;NA;NA;Privatno;Visoko učilište;Selska cesta 119;NA;(+385 1) 4002 296;(+385 1) 4002 302;info@ebus.hr;ebus.hr;dekan Ivica Katavić
Fakultet agrobiotehničkih znanosti, Osijek;Sveučilište  Josipa Jurja Strossmayera u Osijeku;Fakultet;Javno;Znanstvena ustanova i visoko učilište;Vladimira Preloga 1;Osijek;(+385 31) 554 801;(+385 31) 554 853;dekanat@fazos.hr;www.fazos.unios.hr;dekan prof. dr. sc. Krunoslav Zmaić
Fakultet dentalne medicine, Rijeka;Sveučilište u Rijeci;Fakultet;Javno;Visoko učilište;Krešimirova 40/42;Rijeka;(+385 51) 345 631;(+385 51) 406 588;ured@uniri.hr;www.uniri.hr;dekanica prof. dr. sc. Sonja Pezelj-Ribarić
Fakultet elektrotehnike i računarstva, Zagreb;Sveučilište u Zagrebu;Fakultet;Javno;Znanstvena ustanova i visoko učilište;Unska 3;Zagreb;(+385 1) 6129 999;(+385 1) 6170 007;fer@fer.hr;www.fer.unizg.hr;dekan prof. dr. sc. Gordan Gledec
Fakultet elektrotehnike, računarstva i informacijskih tehnologija Osijek;Sveučilište  Josipa Jurja Strossmayera u Osijeku;Fakultet;Javno;Znanstvena ustanova i visoko učilište;Kneza Trpimira 2b;Osijek;(+385 31) 224 600;(+385 31) 224 605;ferit@ferit.hr;www.ferit.unios.hr;dekan izv. prof. dr. sc. Tomislav Matić
Fakultet elektrotehnike, strojarstva i brodogradnje, Split;Sveučilište u Splitu;Fakultet;Javno;Znanstvena ustanova i visoko učilište;Ruđera Boškovića 32;Split;"(+385 21) 305 777; 701";(+385 21) 305 776;dekanat@fesb.hr;www.fesb.unist.hr;dekan prof. dr. sc. Srdjan Podrug
Fakultet filozofije i religijskih znanosti, Zagreb;Sveučilište u Zagrebu;Fakultet;Javno;Znanstvena ustanova i visoko učilište;Jordanovac 110, pp 169;Zagreb;(+385 1) 2354 222;NA;"tajnistvo@ffrz.unizg.hr;emanuela.herceg@ffrz.unizg.hr";www.ffrz.unizg.hr;dekan prof. dr. sc. Ivan Koprek
Fakultet građevinarstva, arhitekture i geodezije, Split;Sveučilište u Splitu;Fakultet;Javno;Znanstvena ustanova i visoko učilište;Matice hrvatske 15;Split;(+385 21) 303 333;NA;info@gradst.hr;www.gradst.unist.hr;dekan izv. prof. dr. sc. Nikša Jajac
Fakultet hrvatskih studija, Zagreb;Sveučilište u Zagrebu;Fakultet;Javno;Znanstvena ustanova i visoko učilište;Borongajska cesta 83d;Zagreb;(+385 1) 2457 600;(+385 1) 2457 636;"dekanov.ured@hrstud.hr;";www.hrstud.unizg.hr;NA
Fakultet kemijskog inženjerstva i tehnologije, Zagreb;Sveučilište u Zagrebu;Fakultet;Javno;Znanstvena ustanova i visoko učilište;Marulićev trg 19;Zagreb;"(+385 1) 4597 281; (+385 1) 4597 222";(+385 1) 4597 260;office@fkit.unizg.hr;www.fkit.unizg.hr;dekan prof. dr. sc. Ante Jukić
Fakultet organizacije i informatike, Varaždin;Sveučilište u Zagrebu;Fakultet;Javno;Znanstvena ustanova i visoko učilište;Pavlinska 2;Varaždin;(+385 42) 390 800;(+385 42) 213 413;ured-dekana@foi.hr;www.foi.unizg.hr;dekanica prof. dr. sc. Nina Begičević Ređep
Fakultet političkih znanosti, Zagreb;Sveučilište u Zagrebu;Fakultet;Javno;Znanstvena ustanova i visoko učilište;Lepušićeva 6;Zagreb;(+385 1) 4642 000;(+385 1) 4655 316;dekanat@fpzg.hr;www.fpzg.unizg.hr;dekan izv. prof. dr. sc. Andrija Henjak
Fakultet prometnih znanosti, Zagreb;Sveučilište u Zagrebu;Fakultet;Javno;Znanstvena ustanova i visoko učilište;Vukelićeva 4;Zagreb;(+385 1) 2380 222;(+385 1) 2314 415;dekanat@fpz.hr;www.fpz.unizg.hr;dekan dr. sc. Tomislav Josip Mlinarić
Fakultet strojarstva i brodogradnje, Zagreb;Sveučilište u Zagrebu;Fakultet;Javno;Znanstvena ustanova i visoko učilište;Ivana Lučića 5;Zagreb;(+385 1) 6168 220;(+385 1) 6156 940;dekanat@fsb.hr;www.fsb.unizg.hr;dekan prof. dr. sc. Dubravko Majetić
Fakultet šumarstva i drvne tehnologije, Zagreb;Sveučilište u Zagrebu;Fakultet;Javno;Znanstvena ustanova i visoko učilište;Svetošimunska cesta 25;Zagreb;(+385 1) 2352 555;(+385 1) 2318 616;dekanat@sumfak.unizg.hr;www.sumfak.unizg.hr;dekan prof. dr. sc. Tibor Pentek
Fakultet za dentalnu medicinu i zdravstvo, Osijek;Sveučilište  Josipa Jurja Strossmayera u Osijeku;Fakultet;Javno;Znanstvena ustanova i visoko učilište;Crkvena 21;Osijek;(+385 31) 512 800;(+385 31) 512 833;info@fdmz.hr;www.fdmz.hr;ravnatelj prof. dr. sc. Aleksandar Včev
Fakultet za menadžment u turizmu i ugostiteljstvu, Opatija;Sveučilište u Rijeci;Fakultet;Javno;Znanstvena ustanova i visoko učilište;Naselje Ika, Primorska 46;Opatija;(+385 51) 294 706;(+385 51) 291 695;dekanat@fthm.hr;www.fthm.uniri.hr;dekanica prof. dr. sc. Sandra Janković
Fakultet za odgojne i obrazovne znanosti, Osijek;Sveučilište  Josipa Jurja Strossmayera u Osijeku;Fakultet;Javno;Znanstvena ustanova i visoko učilište;Ulica cara Hadrijana 10;Osijek;(+385 31) 321 700;(+385 31) 321 899;helpdesk@foozos.hr;www.foozos.hr;dekan prof. dr. sc. Damir Matanović
Fakultet zdravstvenih studija, Rijeka;Sveučilište u Rijeci;Fakultet;Javno;Znanstvena ustanova i visoko učilište;Viktora Cara Emina 5;Rijeka;(+385 51) 688 266;(+385 51) 554 950;dekanatfzsri@uniri.hr;www.fzsri.uniri.hr;dekanica prof. dr. sc. Daniela Malnar
Farmaceutsko-biokemijski fakultet, Zagreb;Sveučilište u Zagrebu;Fakultet;Javno;Znanstvena ustanova i visoko učilište;Ante Kovačića 1;Zagreb;(+385 1) 4818 288;(+385 1) 6394 400;dekanat@pharma.hr;www.pharma.unizg.hr;dekanica dr. sc. Jasmina Lovrić
Filozofski fakultet u Splitu;Sveučilište u Splitu;Fakultet;Javno;Znanstvena ustanova i visoko učilište;Poljička cesta 35;Split;(+385 21) 491 515;(+385 21) 329 288;dekanat@ffst.hr;www.ffst.unist.hr;dekanica izv. prof. dr. sc. Gloria Vickov
Filozofski fakultet, Osijek;Sveučilište  Josipa Jurja Strossmayera u Osijeku;Fakultet;Javno;Znanstvena ustanova i visoko učilište;Lorenza Jagera 9;Osijek;(+385 31) 211 400;(+385 31) 211 514;"helpdesk@knjiga.ffos.hr; dekan@ffos.hr";www.ffos.unios.hr;ravnatelj izv. prof. dr. sc. Ivan Trojan
Filozofski fakultet, Rijeka;Sveučilište u Rijeci;Fakultet;Javno;Znanstvena ustanova i visoko učilište;Sveučilišna avenija 4;Rijeka;"(+385 51) 265 600; 265 602";(+385 51) 216 099;dekanat@ffri.uniri.hr;www.ffri.uniri.hr;dekan izv. prof. dr. sc. Aleksandar Mijatović
Filozofski fakultet, Zagreb;Sveučilište u Zagrebu;Fakultet;Javno;Znanstvena ustanova i visoko učilište;Ivana Lučića 3;Zagreb;(+385 1) 6120 111;(+385 1) 6156 879;"ured_dekana@ffzg.hr; o.d.dekana@ffzg.hr";www.ffzg.unizg.hr;v.d. dekan prof. dr. sc. Miljenko Jurković
Geodetski fakultet, Zagreb;Sveučilište u Zagrebu;Fakultet;Javno;Znanstvena ustanova i visoko učilište;Fra Andrije Kačića Miošića 26;Zagreb;(+385 1) 4639 222;(+385 1) 4828 081;"info@geof.unizg.hr; pisarnica@geof.unizg.hr;";www.geof.unizg.hr;dekan izv. prof. dr. sc. Almin Đapo
Geotehnički fakultet, Varaždin;Sveučilište u Zagrebu;Fakultet;Javno;Znanstvena ustanova i visoko učilište;Hallerova aleja 7;Varaždin;(+385 42) 408-900;(+385 42) 313 587;ured.dekana@gfv.unizg.hr;www.gfv.unizg.hr;dekan izv. prof. dr. sc. Hrvoje Meaški
Građevinski fakultet, Rijeka;Sveučilište u Rijeci;Fakultet;Javno;Znanstvena ustanova i visoko učilište;Radmile Matejčić 3;Rijeka;(+385 51) 265 900;(+385 51) 265 998;"dekanat@gradri.hr; info@gradri.uniri.hr";www.gradri.uniri.hr;dekan dr. sc. Mladen Bulić
Građevinski fakultet, Zagreb;Sveučilište u Zagrebu;Fakultet;Javno;Znanstvena ustanova i visoko učilište;Ulica fra Andrije Kačića Miošića 26;Zagreb;(+385 1) 4639 255;(+385 1) 4639 206;ured.dekana@grad.unizg.hr;www.grad.unizg.hr;dekan prof. dr. sc. Stjepan Lakušić
Građevinski i arhitektonski fakultet Osijek;Sveučilište  Josipa Jurja Strossmayera u Osijeku;Fakultet;Javno;Znanstvena ustanova i visoko učilište;Ulica Vladimira Preloga 3;Osijek;(+385 31) 540 070;"(+385 31) 540 071;(+385 31) 540 071";gfos@gfos.hr;www.gfos.unios.hr;dekan prof. dr. sc. Damir Varevac
Grafički fakultet, Zagreb;Sveučilište u Zagrebu;Fakultet;Javno;Znanstvena ustanova i visoko učilište;Getaldićeva 2;Zagreb;(+385 1) 2371 080;(+385 1) 2371 077;info@grf.hr;www.grf.unizg.hr;dekan prof. dr. sc. Nikola Mrvac
Hrvatsko katoličko sveučilište, Zagreb;NA;Sveučilište;Privatno;Znanstvena ustanova i visoko učilište;Ilica 242;Zagreb;(+385 1) 3706 600;(+385 1) 3706 601;"info@unicath.hr;rektorat@unicath.hr";www.unicath.hr;rektor dr. sc. Željko Tanjić
Istarsko veleučilište, Pula;NA;Veleučilište;Privatno;Visoko učilište;Riva 6;Pula - Pola;(+385 52) 381 412;(+385 52) 381 412;dekanat@iv.hr;www.iv.hr;dekan dr. sc. Daglas Koraca
Katolički bogoslovni fakultet, Đakovo;Sveučilište  Josipa Jurja Strossmayera u Osijeku;Fakultet;Javno;Znanstvena ustanova i visoko učilište;Petra Preradovića 17;Đakovo;(+385 31) 802 400;(+385 31) 802 403;"tajnistvo@djkbf.hr; dekan@djkbf.hr";www.djkbf.unios.hr;dekan dr. sc. Vladimir Dugalić
Katolički bogoslovni fakultet, Split;Sveučilište u Splitu;Fakultet;Javno;Znanstvena ustanova i visoko učilište;Zrinsko-Frankopanska 19;Split;(+385 21) 308 300;"(+385 21) 386 144; 386 142";office@kbf-st.hr;www.kbf.unist.hr;dekan dr. sc. Mladen Parlov
Katolički bogoslovni fakultet, Zagreb;Sveučilište u Zagrebu;Fakultet;Javno;Znanstvena ustanova i visoko učilište;Vlaška 38;Zagreb;"(+385 1) 4890 400; (+385 1) 4890 402";(+385 1) 4814 704;"kbf@kbf.unizg.hr;ured@kbf.unizg.hr";www.kbf.unizg.hr;dekan mr. sc. Josip Šimunović
Kemijsko-tehnološki fakultet, Split;Sveučilište u Splitu;Fakultet;Javno;Znanstvena ustanova i visoko učilište;Ruđera Boškovića 35;Split;(+385 21) 329 422;(+385 21) 329 461;dekanat@ktf-split.hr;www.ktf.unist.hr;dekan prof. dr. sc. Matko Erceg
Kineziološki fakultet, Osijek;Sveučilište  Josipa Jurja Strossmayera u Osijeku;Fakultet;Javno;Visoko učilište;Drinska 16a;Osijek;(+385  31) 559 300;(+385 31) 559 301;ured@kifos.hr;www.kifos.hr;dekanica prof. dr. sc. Vesnica Mlinarević
Fakultet za odgojne i obrazovne znanosti, Osijek;Sveučilište  Josipa Jurja Strossmayera u Osijeku;Fakultet;Javno;Znanstvena ustanova i visoko učilište;Ulica cara Hadrijana 10;Osijek;(+385 31) 321 700;(+385 31) 321 899;helpdesk@foozos.hr;www.foozos.hr;dekan prof. dr. sc. Damir Matanović
Fakultet zdravstvenih studija, Rijeka;Sveučilište u Rijeci;Fakultet;Javno;Znanstvena ustanova i visoko učilište;Viktora Cara Emina 5;Rijeka;(+385 51) 688 266;(+385 51) 554 950;dekanatfzsri@uniri.hr;www.fzsri.uniri.hr;dekanica prof. dr. sc. Daniela Malnar
Farmaceutsko-biokemijski fakultet, Zagreb;Sveučilište u Zagrebu;Fakultet;Javno;Znanstvena ustanova i visoko učilište;Ante Kovačića 1;Zagreb;(+385 1) 4818 288;(+385 1) 6394 400;dekanat@pharma.hr;www.pharma.unizg.hr;dekanica dr. sc. Jasmina Lovrić
Filozofski fakultet u Splitu;Sveučilište u Splitu;Fakultet;Javno;Znanstvena ustanova i visoko učilište;Poljička cesta 35;Split;(+385 21) 491 515;(+385 21) 329 288;dekanat@ffst.hr;www.ffst.unist.hr;dekanica izv. prof. dr. sc. Gloria Vickov
Filozofski fakultet, Osijek;Sveučilište  Josipa Jurja Strossmayera u Osijeku;Fakultet;Javno;Znanstvena ustanova i visoko učilište;Lorenza Jagera 9;Osijek;(+385 31) 211 400;(+385 31) 211 514;"helpdesk@knjiga.ffos.hr; dekan@ffos.hr";www.ffos.unios.hr;ravnatelj izv. prof. dr. sc. Ivan Trojan
Filozofski fakultet, Rijeka;Sveučilište u Rijeci;Fakultet;Javno;Znanstvena ustanova i visoko učilište;Sveučilišna avenija 4;Rijeka;"(+385 51) 265 600; 265 602";(+385 51) 216 099;dekanat@ffri.uniri.hr;www.ffri.uniri.hr;dekan izv. prof. dr. sc. Aleksandar Mijatović
Filozofski fakultet, Zagreb;Sveučilište u Zagrebu;Fakultet;Javno;Znanstvena ustanova i visoko učilište;Ivana Lučića 3;Zagreb;(+385 1) 6120 111;(+385 1) 6156 879;"ured_dekana@ffzg.hr; o.d.dekana@ffzg.hr";www.ffzg.unizg.hr;v.d. dekan prof. dr. sc. Miljenko Jurković
Geodetski fakultet, Zagreb;Sveučilište u Zagrebu;Fakultet;Javno;Znanstvena ustanova i visoko učilište;Fra Andrije Kačića Miošića 26;Zagreb;(+385 1) 4639 222;(+385 1) 4828 081;"info@geof.unizg.hr; pisarnica@geof.unizg.hr;";www.geof.unizg.hr;dekan izv. prof. dr. sc. Almin Đapo
Geotehnički fakultet, Varaždin;Sveučilište u Zagrebu;Fakultet;Javno;Znanstvena ustanova i visoko učilište;Hallerova aleja 7;Varaždin;(+385 42) 408-900;(+385 42) 313 587;ured.dekana@gfv.unizg.hr;www.gfv.unizg.hr;dekan izv. prof. dr. sc. Hrvoje Meaški
Građevinski fakultet, Rijeka;Sveučilište u Rijeci;Fakultet;Javno;Znanstvena ustanova i visoko učilište;Radmile Matejčić 3;Rijeka;(+385 51) 265 900;(+385 51) 265 998;"dekanat@gradri.hr; info@gradri.uniri.hr";www.gradri.uniri.hr;dekan dr. sc. Mladen Bulić
Građevinski fakultet, Zagreb;Sveučilište u Zagrebu;Fakultet;Javno;Znanstvena ustanova i visoko učilište;Ulica fra Andrije Kačića Miošića 26;Zagreb;(+385 1) 4639 255;(+385 1) 4639 206;ured.dekana@grad.unizg.hr;www.grad.unizg.hr;dekan prof. dr. sc. Stjepan Lakušić
Građevinski i arhitektonski fakultet Osijek;Sveučilište  Josipa Jurja Strossmayera u Osijeku;Fakultet;Javno;Znanstvena ustanova i visoko učilište;Ulica Vladimira Preloga 3;Osijek;(+385 31) 540 070;"(+385 31) 540 071;(+385 31) 540 071";gfos@gfos.hr;www.gfos.unios.hr;dekan prof. dr. sc. Damir Varevac
Grafički fakultet, Zagreb;Sveučilište u Zagrebu;Fakultet;Javno;Znanstvena ustanova i visoko učilište;Getaldićeva 2;Zagreb;(+385 1) 2371 080;(+385 1) 2371 077;info@grf.hr;www.grf.unizg.hr;dekan prof. dr. sc. Nikola Mrvac
Hrvatsko katoličko sveučilište, Zagreb;NA;Sveučilište;Privatno;Znanstvena ustanova i visoko učilište;Ilica 242;Zagreb;(+385 1) 3706 600;(+385 1) 3706 601;"info@unicath.hr;rektorat@unicath.hr";www.unicath.hr;rektor dr. sc. Željko Tanjić
Istarsko veleučilište, Pula;NA;Veleučilište;Privatno;Visoko učilište;Riva 6;Pula - Pola;(+385 52) 381 412;(+385 52) 381 412;dekanat@iv.hr;www.iv.hr;dekan dr. sc. Daglas Koraca
Katolički bogoslovni fakultet, Đakovo;Sveučilište  Josipa Jurja Strossmayera u Osijeku;Fakultet;Javno;Znanstvena ustanova i visoko učilište;Petra Preradovića 17;Đakovo;(+385 31) 802 400;(+385 31) 802 403;"tajnistvo@djkbf.hr; dekan@djkbf.hr";www.djkbf.unios.hr;dekan dr. sc. Vladimir Dugalić
Katolički bogoslovni fakultet, Split;Sveučilište u Splitu;Fakultet;Javno;Znanstvena ustanova i visoko učilište;Zrinsko-Frankopanska 19;Split;(+385 21) 308 300;"(+385 21) 386 144; 386 142";office@kbf-st.hr;www.kbf.unist.hr;dekan dr. sc. Mladen Parlov
Katolički bogoslovni fakultet, Zagreb;Sveučilište u Zagrebu;Fakultet;Javno;Znanstvena ustanova i visoko učilište;Vlaška 38;Zagreb;"(+385 1) 4890 400; (+385 1) 4890 402";(+385 1) 4814 704;"kbf@kbf.unizg.hr;ured@kbf.unizg.hr";www.kbf.unizg.hr;dekan mr. sc. Josip Šimunović
Kemijsko-tehnološki fakultet, Split;Sveučilište u Splitu;Fakultet;Javno;Znanstvena ustanova i visoko učilište;Ruđera Boškovića 35;Split;(+385 21) 329 422;(+385 21) 329 461;dekanat@ktf-split.hr;www.ktf.unist.hr;dekan prof. dr. sc. Matko Erceg
Kineziološki fakultet, Osijek;Sveučilište  Josipa Jurja Strossmayera u Osijeku;Fakultet;Javno;Visoko učilište;Drinska 16a;Osijek;(+385  31) 559 300;(+385 31) 559 301;ured@kifos.hr;www.kifos.hr;dekanica prof. dr. sc. Vesnica Mlinarević
Kineziološki fakultet, Split;Sveučilište u Splitu;Fakultet;Javno;Znanstvena ustanova i visoko učilište;Ulica Nikole Tesle 6;Split;(+385 21) 302 440;(+385 21) 385 382;dekanat@kifst.hr;www.kifst.unist.hr;dekan prof. dr. sc. Damir Sekulić
Kineziološki fakultet, Zagreb;Sveučilište u Zagrebu;Fakultet;Javno;Znanstvena ustanova i visoko učilište;Horvaćanski zavoj 15;Zagreb;(+385 1) 3658 666;(+385 1) 3634 146;dekanat@kif.unizg.hr;www.kif.unizg.hr;dekan izv. prof. dr. sc. Tomislav Krističević
Libertas Međunarodno sveučilište, Zagreb;NA;Sveučilište;Privatno;Znanstvena ustanova i visoko učilište;Trg J. F. Kennedy 6b;Zagreb;(+385 1) 5633 101;(+385 1) 5633 111;asamodol@libertas.hr;www.libertas.hr;v.d. rektor dr. sc. Ivo Andrijanić
Medicinski fakultet, Osijek;Sveučilište  Josipa Jurja Strossmayera u Osijeku;Fakultet;Javno;Znanstvena ustanova i visoko učilište;Josipa Huttlera 4;Osijek;(+385 31) 512 800;(+385 31) 512 833;medicina@mefos.hr;www.mefos.unios.hr;dekan mr. sc. Ivica Mihaljević
Medicinski fakultet, Rijeka;Sveučilište u Rijeci;Fakultet;Javno;Znanstvena ustanova i visoko učilište;Braće Branchetta 20;Rijeka;(+385 51) 651 203;(+385 51) 675 806;dekanat_medri@uniri.hr;www.medri.uniri.hr;dekan izv. prof. dr. sc. Goran Hauser
Medicinski fakultet, Split;Sveučilište u Splitu;Fakultet;Javno;Znanstvena ustanova i visoko učilište;Šoltanska 2;Split;(+385 21) 557 900;(+385 21) 557 625;office@mefst.hr;www.mefst.unist.hr;dekan prof. dr. sc. Ante Tonkić
Medicinski fakultet, Zagreb;Sveučilište u Zagrebu;Fakultet;Javno;Znanstvena ustanova i visoko učilište;Šalata 3;Zagreb;(+385 1) 4566 777;(+385 1) 4566 724;mf@mef.hr;www.mef.unizg.hr;dekan prof. dr. sc. Slavko Orešković
Međimursko veleučilište u Čakovcu;NA;Veleučilište;Javno;Visoko učilište;Bana Josipa Jelačića 22/a;Čakovec;(+385 40) 396 999;(+385 40) 396 980;veleuciliste@mev.hr;www.mev.hr;dekan doc. dr. sc. Igor Klopotan
Metalurški fakultet, Sisak;Sveučilište u Zagrebu;Fakultet;Javno;Znanstvena ustanova i visoko učilište;Aleja narodnih heroja 3;Sisak;"(+385 44) 533 379; 533 378";(+385 44) 533 378;dekanat@simet.hr;www.simet.unizg.hr;dekanica prof. dr. sc. Zdenka Zovko Brodarac
MUP Policijska akademija – Visoka policijska škola, Zagreb;NA;Visoka škola;Javno;Znanstvena ustanova i visoko učilište;Avenija Gojka Šuška 1;Zagreb;(+385 1) 2426 311;(+385 1) 2426 415;"vps@fkz.hr; policijska.akademija@mup.hr";https://policijska-akademija.gov.hr/visoka-policijska-skola/43;dekan dr. sc. Krunoslav Borovec
Muzička akademija, Zagreb;Sveučilište u Zagrebu;Umjetnička akademija;Javno;Znanstvena ustanova i visoko učilište;Trg Republike Hrvatske 12;Zagreb;(+385 1) 4810-200;(+385 1) 4872 380;"muza@muza.hr;dekanat@muza.hr";www.muza.unizg.hr;dekan Igor Lešnik
Pomorski fakultet, Rijeka;Sveučilište u Rijeci;Fakultet;Javno;Znanstvena ustanova i visoko učilište;Studentska 2;Rijeka;(+385 51) 338 411;(+385 51) 336 755;dekanat@pfri.hr;www.pfri.uniri.hr;dekan dr. sc. Alen Jugović
Pomorski fakultet, Split;Sveučilište u Splitu;Fakultet;Javno;Znanstvena ustanova i visoko učilište;Ruđera Boškovića 37;Split;(+385 21) 619 399;(+385 21) 619 499;dekan@pfst.hr;www.pfst.unist.hr;dekan prof. dr. sc. Pero Vidan
Poslovno veleučilište Zagreb;NA;Veleučilište;Privatno;Visoko učilište;Ulica grada Vukovara 68;Zagreb;"(+385 1) 6310 844; 6310 888";(+385 1) 6310 628;pvzg@pvzg.hr;www.pvzg.hr;dekan dr. sc. Lukša Lulić
Pravni fakultet, Osijek;Sveučilište  Josipa Jurja Strossmayera u Osijeku;Fakultet;Javno;Znanstvena ustanova i visoko učilište;Ulica Stjepana Radića 13;Osijek;(+385 31) 224 500;(+385 31) 224 540;ured@zakon.pravos.hr;www.pravos.unios.hr;dekan izv. prof. dr. sc. Tunjica Petrašević
Pravni fakultet, Rijeka;Sveučilište u Rijeci;Fakultet;Javno;Znanstvena ustanova i visoko učilište;Hahlić 6;Rijeka;(+385 51) 359 500;NA;dekanat@pravri.hr;www.pravri.uniri.hr;dekanica prof. dr. sc. Vesna Crnić-Grotić
Pravni fakultet, Split;Sveučilište u Splitu;Fakultet;Javno;Znanstvena ustanova i visoko učilište;Ulica Domovinskog rata 8;Split;(+385 21) 393 555;(+385 21 393 597);dekanat@pravst.hr;www.pravst.unist.hr;dekan izv. prof. dr. sc. Ratko Brnabić
Pravni fakultet, Zagreb;Sveučilište u Zagrebu;Fakultet;Javno;Znanstvena ustanova i visoko učilište;Trg Republike Hrvatske  14;Zagreb;(+385 1) 4564 309;(+385 1) 4564 030;dekanat@pravo.hr;www.pravo.unizg.hr;dekan prof. dr. sc. Ivan Koprić
Prehrambeno-biotehnološki fakultet;Sveučilište u Zagrebu;Fakultet;Javno;Znanstvena ustanova i visoko učilište;Pierottijeva 6;Zagreb;(+385 1) 4605 000;(+385 1) 4836 083;dekan@pbf.hr;www.pbf.unizg.hr;dekanica dr. sc. Jadranka Frece
Prehrambeno-tehnološki fakultet, Osijek;Sveučilište  Josipa Jurja Strossmayera u Osijeku;Fakultet;Javno;Znanstvena ustanova i visoko učilište;Franje Kuhača 18;Osijek;(+385 31) 224 300;(+385 31) 207 115;office@ptfos.hr;www.ptfos.unios.hr;dekan prof. dr. sc. Jurislav Babić
Prirodoslovno-matematički fakultet, Split;Sveučilište u Splitu;Fakultet;Javno;Znanstvena ustanova i visoko učilište;Ruđera Boškovića 33;Split;(+385 21) 619 222;(+385 1) 619 227;dekanat@pmfst.hr;www.pmfst.unist.hr;dekan prof. dr. sc. Nikola Koceić Bilan
Prirodoslovno-matematički fakultet, Zagreb;Sveučilište u Zagrebu;Fakultet;Javno;Znanstvena ustanova i visoko učilište;Horvatovac 102/a;Zagreb;(+385 1) 4606 010;(+385 1) 4606 013;dekanat@dekanat.pmf.hr;www.pmf.unizg.hr;dekan prof. dr. sc. Mirko Planinić
RIT Croatia, Dubrovnik;NA;Visoka škola;Privatno;Znanstvena ustanova i visoko učilište;Don Frana Bulića 6;Dubrovnik;(+385 20) 433 000;(+385 20) 433 001;ritcroatia@croatia.rit.edu;www.croatia.rit.edu;dekan mr. sc. Donald Hudspeth
RRIF Visoka škola za financijski menadžment, Zagreb;NA;Visoka škola;Privatno;Visoko učilište;Martićeva 29;Zagreb;(+385 1) 4699 735;(+385 1) 4699 736;visoka-skola@rrif.hr;www.visoka-skola-rrif.hr;dekanica mr. sc. Đurđica Jurić
Rudarsko-geološko-naftni fakultet, Zagreb;Sveučilište u Zagrebu;Fakultet;Javno;Znanstvena ustanova i visoko učilište;Pierottijeva 6;Zagreb;(+385 1) 5535 700;(+385 1) 4836 051;dekan@rgn.unizg.hr;www.rgn.unizg.hr;dekan izv. prof. dr. sc. Vladislav Brkić
Stomatološki fakultet, Zagreb;Sveučilište u Zagrebu;Fakultet;Javno;Znanstvena ustanova i visoko učilište;Gundulićeva 5;Zagreb;"(+385 1) 4802 111;4807 350";"(+385 1) 4830 804; 4807 367";dekanat@sfzg.hr;www.sfzg.unizg.hr;dekanica prof. dr. sc. Zrinka Tarle
Sveučilište  Josipa Jurja Strossmayera u Osijeku;NA;Sveučilište;Javno;Znanstvena ustanova i visoko učilište;Trg Sv. Trojstva 3;Osijek;(+385 31) 224 102;NA;rektorat@unios.hr;www.unios.hr;dekan prof. dr. sc. Vlado Guberac
Sveučilište Algebra (u osnivanju), Zagreb;NA;Sveučilište;Privatno;Visoko učilište;Ilica 242;Zagreb;(+385 1) 2222 182;(+385 1) 2222 183;info@racunarstvo.hr;www.algebra.hr;privremeni rektor prof. dr. sc. Slavko Krajcar
Sveučilište Josipa Jurja Strossmayera u Osijeku - Odjel za matematiku;Sveučilište  Josipa Jurja Strossmayera u Osijeku;Sveučilišni odjel;Javno;Znanstvena ustanova i visoko učilište;Trg Ljudevita Gaja 6;Osijek;(+385 31) 224 800;(+385 31) 224 801;math@mathos.hr;www.mathos.unios.hr;pročelnik Kristian Sabo
Sveučilište Jurja Dobrile u Puli;NA;Sveučilište;Javno;Znanstvena ustanova i visoko učilište;Zagrebačka ulica 30;Pula - Pola;(+385 52) 377 000;(+385 52) 216 416;ured@unipu.hr;www.unipu.hr;dekan prof. dr. sc. Alfio Barbieri
Muzička akademija, Zagreb;Sveučilište u Zagrebu;Umjetnička akademija;Javno;Znanstvena ustanova i visoko učilište;Trg Republike Hrvatske 12;Zagreb;(+385 1) 4810-200;(+385 1) 4872 380;"muza@muza.hr;dekanat@muza.hr";www.muza.unizg.hr;dekan Igor Lešnik
Pomorski fakultet, Rijeka;Sveučilište u Rijeci;Fakultet;Javno;Znanstvena ustanova i visoko učilište;Studentska 2;Rijeka;(+385 51) 338 411;(+385 51) 336 755;dekanat@pfri.hr;www.pfri.uniri.hr;dekan dr. sc. Alen Jugović
Pomorski fakultet, Split;Sveučilište u Splitu;Fakultet;Javno;Znanstvena ustanova i visoko učilište;Ruđera Boškovića 37;Split;(+385 21) 619 399;(+385 21) 619 499;dekan@pfst.hr;www.pfst.unist.hr;dekan prof. dr. sc. Pero Vidan
Poslovno veleučilište Zagreb;NA;Veleučilište;Privatno;Visoko učilište;Ulica grada Vukovara 68;Zagreb;"(+385 1) 6310 844; 6310 888";(+385 1) 6310 628;pvzg@pvzg.hr;www.pvzg.hr;dekan dr. sc. Lukša Lulić
Pravni fakultet, Osijek;Sveučilište  Josipa Jurja Strossmayera u Osijeku;Fakultet;Javno;Znanstvena ustanova i visoko učilište;Ulica Stjepana Radića 13;Osijek;(+385 31) 224 500;(+385 31) 224 540;ured@zakon.pravos.hr;www.pravos.unios.hr;dekan izv. prof. dr. sc. Tunjica Petrašević
Pravni fakultet, Rijeka;Sveučilište u Rijeci;Fakultet;Javno;Znanstvena ustanova i visoko učilište;Hahlić 6;Rijeka;(+385 51) 359 500;NA;dekanat@pravri.hr;www.pravri.uniri.hr;dekanica prof. dr. sc. Vesna Crnić-Grotić
Pravni fakultet, Split;Sveučilište u Splitu;Fakultet;Javno;Znanstvena ustanova i visoko učilište;Ulica Domovinskog rata 8;Split;(+385 21) 393 555;(+385 21 393 597);dekanat@pravst.hr;www.pravst.unist.hr;dekan izv. prof. dr. sc. Ratko Brnabić
Pravni fakultet, Zagreb;Sveučilište u Zagrebu;Fakultet;Javno;Znanstvena ustanova i visoko učilište;Trg Republike Hrvatske  14;Zagreb;(+385 1) 4564 309;(+385 1) 4564 030;dekanat@pravo.hr;www.pravo.unizg.hr;dekan prof. dr. sc. Ivan Koprić
Prehrambeno-biotehnološki fakultet;Sveučilište u Zagrebu;Fakultet;Javno;Znanstvena ustanova i visoko učilište;Pierottijeva 6;Zagreb;(+385 1) 4605 000;(+385 1) 4836 083;dekan@pbf.hr;www.pbf.unizg.hr;dekanica dr. sc. Jadranka Frece
Prehrambeno-tehnološki fakultet, Osijek;Sveučilište  Josipa Jurja Strossmayera u Osijeku;Fakultet;Javno;Znanstvena ustanova i visoko učilište;Franje Kuhača 18;Osijek;(+385 31) 224 300;(+385 31) 207 115;office@ptfos.hr;www.ptfos.unios.hr;dekan prof. dr. sc. Jurislav Babić
Prirodoslovno-matematički fakultet, Split;Sveučilište u Splitu;Fakultet;Javno;Znanstvena ustanova i visoko učilište;Ruđera Boškovića 33;Split;(+385 21) 619 222;(+385 1) 619 227;dekanat@pmfst.hr;www.pmfst.unist.hr;dekan prof. dr. sc. Nikola Koceić Bilan
Prirodoslovno-matematički fakultet, Zagreb;Sveučilište u Zagrebu;Fakultet;Javno;Znanstvena ustanova i visoko učilište;Horvatovac 102/a;Zagreb;(+385 1) 4606 010;(+385 1) 4606 013;dekanat@dekanat.pmf.hr;www.pmf.unizg.hr;dekan prof. dr. sc. Mirko Planinić
RIT Croatia, Dubrovnik;NA;Visoka škola;Privatno;Znanstvena ustanova i visoko učilište;Don Frana Bulića 6;Dubrovnik;(+385 20) 433 000;(+385 20) 433 001;ritcroatia@croatia.rit.edu;www.croatia.rit.edu;dekan mr. sc. Donald Hudspeth
RRIF Visoka škola za financijski menadžment, Zagreb;NA;Visoka škola;Privatno;Visoko učilište;Martićeva 29;Zagreb;(+385 1) 4699 735;(+385 1) 4699 736;visoka-skola@rrif.hr;www.visoka-skola-rrif.hr;dekanica mr. sc. Đurđica Jurić
Rudarsko-geološko-naftni fakultet, Zagreb;Sveučilište u Zagrebu;Fakultet;Javno;Znanstvena ustanova i visoko učilište;Pierottijeva 6;Zagreb;(+385 1) 5535 700;(+385 1) 4836 051;dekan@rgn.unizg.hr;www.rgn.unizg.hr;dekan izv. prof. dr. sc. Vladislav Brkić
Stomatološki fakultet, Zagreb;Sveučilište u Zagrebu;Fakultet;Javno;Znanstvena ustanova i visoko učilište;Gundulićeva 5;Zagreb;"(+385 1) 4802 111;4807 350";"(+385 1) 4830 804; 4807 367";dekanat@sfzg.hr;www.sfzg.unizg.hr;dekanica prof. dr. sc. Zrinka Tarle
Sveučilište  Josipa Jurja Strossmayera u Osijeku;NA;Sveučilište;Javno;Znanstvena ustanova i visoko učilište;Trg Sv. Trojstva 3;Osijek;(+385 31) 224 102;NA;rektorat@unios.hr;www.unios.hr;dekan prof. dr. sc. Vlado Guberac
Sveučilište Algebra (u osnivanju), Zagreb;NA;Sveučilište;Privatno;Visoko učilište;Ilica 242;Zagreb;(+385 1) 2222 182;(+385 1) 2222 183;info@racunarstvo.hr;www.algebra.hr;privremeni rektor prof. dr. sc. Slavko Krajcar
Sveučilište Josipa Jurja Strossmayera u Osijeku - Odjel za matematiku;Sveučilište  Josipa Jurja Strossmayera u Osijeku;Sveučilišni odjel;Javno;Znanstvena ustanova i visoko učilište;Trg Ljudevita Gaja 6;Osijek;(+385 31) 224 800;(+385 31) 224 801;math@mathos.hr;www.mathos.unios.hr;pročelnik Kristian Sabo
Sveučilište Jurja Dobrile u Puli;NA;Sveučilište;Javno;Znanstvena ustanova i visoko učilište;Zagrebačka ulica 30;Pula - Pola;(+385 52) 377 000;(+385 52) 216 416;ured@unipu.hr;www.unipu.hr;dekan prof. dr. sc. Alfio Barbieri
Sveučilište Sjever, Koprivnica;NA;Sveučilište;Javno;Znanstvena ustanova i visoko učilište;Trg dr. Žarka Dolinara 1;Koprivnica;(+385 48) 240 294;(+385 48) 240 295;info@unin.hr;http://www.unin.hr;rektor prof. dr. sc. Marin Milković
Sveučilište u Dubrovniku;NA;Sveučilište;Javno;Znanstvena ustanova i visoko učilište;Branitelja Dubrovnika 29;Dubrovnik;(+385 20) 445 700;(+385 20) 435 590;rektoratdu@unidu.hr;www.unidu.hr;rektor dr. sc. Nikša Burum
Sveučilište u Osijeku - Odjel za biologiju;Sveučilište  Josipa Jurja Strossmayera u Osijeku;Sveučilišni odjel;Javno;Znanstvena ustanova i visoko učilište;Cara Hadrijana 8/A;Osijek;(+385 31) 399 900;(+385 31) 399 939;info@biologija.unios.hr;www.biologija.unios.hr;pročelnica izv. prof. dr. sc. Tanja Žuna Pfeiffer
Sveučilište u Osijeku - Odjel za fiziku;Sveučilište  Josipa Jurja Strossmayera u Osijeku;Sveučilišni odjel;Javno;Znanstvena ustanova i visoko učilište;Trg Ljudevita Gaja 6;Osijek;(+385 31) 232 700;(+385 31) 232 701;ured@fizika.unios.hr;www.fizos.unios.hr;pročelnica dr. sc. Vanja Radolić
Sveučilište u Osijeku - Odjel za kemiju;Sveučilište  Josipa Jurja Strossmayera u Osijeku;Sveučilišni odjel;Javno;Znanstvena ustanova i visoko učilište;Cara Hadrijana 8/A;Osijek;(+385 31) 399 950;(+385 31) 399 969;info@kemija.unios.hr;www.kemija.unios.hr;pročelnica doc. dr. sc. Elvira Kovač-Andrić
Sveučilište u Rijeci;NA;Sveučilište;Javno;Znanstvena ustanova i visoko učilište;Trg braće Mažuranića 10;Rijeka;(+385 51) 406 500;(+385 51) 406 588;ured@uniri.hr;www.uniri.hr;rektorica prof. dr. sc. Snježana Prijić-Samaržija
Sveučilište u Rijeci - Odjel za biotehnologiju;Sveučilište u Rijeci;Sveučilišni odjel;Javno;Znanstvena ustanova i visoko učilište;Radmile Matejčić 2;Rijeka;(+385 51) 584 550;(+385 51) 584 599;ured@biotech.uniri.hr;www.biotech.uniri.hr;pročelnica prof. dr. sc. Miranda Mladinić Pejatović
Sveučilište u Rijeci - Odjel za informatiku;Sveučilište u Rijeci;Sveučilišni odjel;Javno;Znanstvena ustanova i visoko učilište;Radmile Matejčić 2;Rijeka;(+385 51) 345 034;(+385 51) 345 207;ured@inf.uniri.hr;www.inf.uniri.hr;pročelnica prof. dr. sc. Patrizia Poščić
Sveučilište u Rijeci - Odjel za matematiku;Sveučilište u Rijeci;Sveučilišni odjel;Javno;Znanstvena ustanova i visoko učilište;Radmile Matejčić 2;Rijeka;(+385 51) 345 046, 050, 052;(+385 51) 345 207;math@math.uniri.hr;www.math.uniri.hr;pročelnik prof. dr. sc. Dean Crnković
Sveučilište u Rijeci, Odjel za fiziku;Sveučilište u Rijeci;Sveučilišni odjel;Javno;Znanstvena ustanova i visoko učilište;Radmile Matejčić 2;Rijeka;+385 51 584 600;+385 51 584 649;fizika@phy.uniri.hr;phy.uniri.hr;pročelnik dr. sc. Marin Karuza
Sveučilište u Slavonskom Brodu;NA;Sveučilište;Javno;Znanstvena ustanova i visoko učilište;Trg Ivane Brlić Mažuranić 2;Slavonski Brod;(+385 35) 446-188;(+385 35) 446-446;info@unisb.hr;www.unisb.hr;dekan prof. dr. sc. Ivan Samardžić
Sveučilište u Splitu;NA;Sveučilište;Javno;Znanstvena ustanova i visoko učilište;Ruđera Boškovića 31;Split;(+385 21) 558 200;(+385 21) 348 163;rektorat@unist.hr;www.unist.hr;dekan prof. dr. sc. Dragan Ljutić
Sveučilište u Splitu Sveučilišni odjel za forenzične znanosti;Sveučilište u Splitu;Sveučilišni odjel;Javno;Visoko učilište;Ruđera Boškovića 31;Split;(+385 21) 510 180;(+385 21) 510 180;forenzika@unist.hr;forenzika.unist.hr;pročelnik dr. sc. Damir Piplica
Sveučilište u Splitu Sveučilišni odjel za stručne studije;Sveučilište u Splitu;Sveučilišni odjel;Javno;Visoko učilište;Kopilica 5;Split;(+385 21) 348 900, 346 886;(+385 21) 348 900, 339 369;procelnika@oss.unist.hr;http://www.oss.unist.hr;pročelnik dr. sc. Petar Pepur
Sveučilište u Splitu Sveučilišni odjel za studije mora;Sveučilište u Splitu;Sveučilišni odjel;Javno;Visoko učilište;Ruđera Boškovića 37;Split;(+385 21) 510 193;(+385 21) 510 190;maja.krzelj@unist.hr;http://more.unist.hr;pročelnica doc. dr. sc. Maja Krželj
Sveučilište u Splitu Sveučilišni odjel zdravstvenih studija;Sveučilište u Splitu;Sveučilišni odjel;Javno;Visoko učilište;Ulica Ruđera Boškovića 35;Split;"(+385 21) 564 800; 806; 807";(+385 21) 564 819;ured@ozs.unist.hr;http://ozs.unist.hr;dekan red. prof. dr. sc. Stipan Janković
Sveučilište u Zadru;NA;Sveučilište;Javno;Znanstvena ustanova i visoko učilište;Ul. Mihovila Pavlinovića 1;Zadar;"(+385 23) 200 501; (+385 23) 200 580";(+385 23) 316 882;rektorat@unizd.hr;www.unizd.hr;rektorica prof. dr. sc. Dijana Vican
Sveučilište u Zagrebu;NA;Sveučilište;Javno;Znanstvena ustanova i visoko učilište;Trg Republike Hrvatske 14;Zagreb;"(+385 1) 4564 111; 4564 233; 255";"(+385 1) 4830 602; 4564 108";"unizginfo@unizg.hr; rector@unizg.hr";www.unizg.hr;dekan prof. dr. sc. Damir Boras
Sveučilište VERN, Zagreb;NA;Sveučilište;Privatno;Visoko učilište;Trg Drage Iblera 10;Zagreb;(+385 1) 4881 820;(+385 1) 4881 830;rektorat@vern.hr;www.vern.hr;dekan prof. dr. sc. Vlatko Cvrtila
Tehnički fakultet, Rijeka;Sveučilište u Rijeci;Fakultet;Javno;Znanstvena ustanova i visoko učilište;Vukovarska 58;Rijeka;(+385 51) 651 444;(+385 51) 675 818;dekanat@riteh.hr;www.riteh.uniri.hr;dekan prof. dr. sc. Duško Pavletić
Tehničko veleučilište u Zagrebu;NA;Veleučilište;Javno;Znanstvena ustanova i visoko učilište;Vrbik 8;Zagreb;(+385 1) 5603 900;(+385 1) 5603 999;tvz@tvz.hr;www.tvz.hr;dekanica dr. sc. Jana Žiljak Gršić
Tekstilno-tehnološki fakultet, Zagreb;Sveučilište u Zagrebu;Fakultet;Javno;Znanstvena ustanova i visoko učilište;Prilaz baruna Filipovića 28a;Zagreb;(+385 1) 3712-500;NA;fakultet@ttf.hr;www.ttf.unizg.hr;v.d. dekanica izv. prof. dr. sc. Anica Hursa Šajatović
Učiteljski fakultet, Rijeka;Sveučilište u Rijeci;Fakultet;Javno;Visoko učilište;Sveučilišna avenija 6;Rijeka;(+385 51) 265 800;(+385 51) 584 999;dekanat@ufri.hr;www.ufri.uniri.hr;dekanica dr. sc. Lidija Vujičić
Učiteljski fakultet, Zagreb;Sveučilište u Zagrebu;Fakultet;Javno;Znanstvena ustanova i visoko učilište;Savska cesta 77;Zagreb;(+385 1) 6327-301, 6327-300;(+385 1) 6177 860;dekanat@ufzg.hr;www.ufzg.unizg.hr;dekan dr. sc. Siniša Opić
Umjetnička akademija, Split;Sveučilište u Splitu;Umjetnička akademija;Javno;Znanstvena ustanova i visoko učilište;Zagrebačka 3;Split;(+385 21) 360 178;(+385 21) 344 043;office@umas.hr;www.umas.unist.hr;dekan izv. prof. Edvin Dragičević
"Veleučilište ""Lavoslav Ružička"" u Vukovaru";NA;Veleučilište;Javno;Visoko učilište;Županijska 50;Vukovar;(+385 32) 444 688;(+385 32) 444 686;dekanat@vevu.hr;www.vevu.hr;dekan dr. sc. Željko Sudarić
"Veleučilište ""Marko Marulić"", Knin";NA;Veleučilište;Javno;Visoko učilište;Kralja Petra Krešimira IV br. 30;Knin;"(+385 22) 664 450; 664 459";(+385 22) 661 374;"referada@veleknin.hr; info@veleknin.hr";www.veleknin.hr;dekanica Lovorka Blažević
"Veleučilište ""Nikola Tesla"" u Gospiću";NA;Veleučilište;Javno;Visoko učilište;Ulica bana Ivana Karlovića 16;Gospić;(+385 53) 676 321;(+385 53) 573 076;ured.dekana@velegs-nikolatesla.hr;www.velegs-nikolatesla.hr;dekanica dr. sc. Vlatka Ružić
Veleučilište Hrvatsko zagorje Krapina;NA;Veleučilište;Javno;Visoko učilište;Šetalište Hrvatskog  narodnog preporoda 6;Krapina;(+385 49) 382 125;(+385 49) 382 125;"tajnik@vhzk.hr;nsikirica@vhz.hr";www.vhzk.hr;dekan dr. sc. Nenad Sikirica
Veleučilište s pravom javnosti Baltazar Zaprešić;NA;Veleučilište;Privatno;Visoko učilište;Vladimira Novaka 23;Zaprešić;"(+385 1) 3355 477; 4002 782";(+385 1) 3355 480;tajnistvo@bak.hr;www.bak.hr;dekan dr. sc. Ivan Ružić
Sveučilište u Slavonskom Brodu;NA;Sveučilište;Javno;Znanstvena ustanova i visoko učilište;Trg Ivane Brlić Mažuranić 2;Slavonski Brod;(+385 35) 446-188;(+385 35) 446-446;info@unisb.hr;www.unisb.hr;dekan prof. dr. sc. Ivan Samardžić
Sveučilište u Splitu;NA;Sveučilište;Javno;Znanstvena ustanova i visoko učilište;Ruđera Boškovića 31;Split;(+385 21) 558 200;(+385 21) 348 163;rektorat@unist.hr;www.unist.hr;dekan prof. dr. sc. Dragan Ljutić
Sveučilište u Splitu Sveučilišni odjel za forenzične znanosti;Sveučilište u Splitu;Sveučilišni odjel;Javno;Visoko učilište;Ruđera Boškovića 31;Split;(+385 21) 510 180;(+385 21) 510 180;forenzika@unist.hr;forenzika.unist.hr;pročelnik dr. sc. Damir Piplica
Sveučilište u Splitu Sveučilišni odjel za stručne studije;Sveučilište u Splitu;Sveučilišni odjel;Javno;Visoko učilište;Kopilica 5;Split;(+385 21) 348 900, 346 886;(+385 21) 348 900, 339 369;procelnika@oss.unist.hr;http://www.oss.unist.hr;pročelnik dr. sc. Petar Pepur
Sveučilište u Splitu Sveučilišni odjel za studije mora;Sveučilište u Splitu;Sveučilišni odjel;Javno;Visoko učilište;Ruđera Boškovića 37;Split;(+385 21) 510 193;(+385 21) 510 190;maja.krzelj@unist.hr;http://more.unist.hr;pročelnica doc. dr. sc. Maja Krželj
Sveučilište u Splitu Sveučilišni odjel zdravstvenih studija;Sveučilište u Splitu;Sveučilišni odjel;Javno;Visoko učilište;Ulica Ruđera Boškovića 35;Split;"(+385 21) 564 800; 806; 807";(+385 21) 564 819;ured@ozs.unist.hr;http://ozs.unist.hr;dekan red. prof. dr. sc. Stipan Janković
Sveučilište u Zadru;NA;Sveučilište;Javno;Znanstvena ustanova i visoko učilište;Ul. Mihovila Pavlinovića 1;Zadar;"(+385 23) 200 501; (+385 23) 200 580";(+385 23) 316 882;rektorat@unizd.hr;www.unizd.hr;rektorica prof. dr. sc. Dijana Vican
Sveučilište u Zagrebu;NA;Sveučilište;Javno;Znanstvena ustanova i visoko učilište;Trg Republike Hrvatske 14;Zagreb;"(+385 1) 4564 111; 4564 233; 255";"(+385 1) 4830 602; 4564 108";"unizginfo@unizg.hr; rector@unizg.hr";www.unizg.hr;dekan prof. dr. sc. Damir Boras
Sveučilište VERN, Zagreb;NA;Sveučilište;Privatno;Visoko učilište;Trg Drage Iblera 10;Zagreb;(+385 1) 4881 820;(+385 1) 4881 830;rektorat@vern.hr;www.vern.hr;dekan prof. dr. sc. Vlatko Cvrtila
Tehnički fakultet, Rijeka;Sveučilište u Rijeci;Fakultet;Javno;Znanstvena ustanova i visoko učilište;Vukovarska 58;Rijeka;(+385 51) 651 444;(+385 51) 675 818;dekanat@riteh.hr;www.riteh.uniri.hr;dekan prof. dr. sc. Duško Pavletić
Tehničko veleučilište u Zagrebu;NA;Veleučilište;Javno;Znanstvena ustanova i visoko učilište;Vrbik 8;Zagreb;(+385 1) 5603 900;(+385 1) 5603 999;tvz@tvz.hr;www.tvz.hr;dekanica dr. sc. Jana Žiljak Gršić
Tekstilno-tehnološki fakultet, Zagreb;Sveučilište u Zagrebu;Fakultet;Javno;Znanstvena ustanova i visoko učilište;Prilaz baruna Filipovića 28a;Zagreb;(+385 1) 3712-500;NA;fakultet@ttf.hr;www.ttf.unizg.hr;v.d. dekanica izv. prof. dr. sc. Anica Hursa Šajatović
Učiteljski fakultet, Rijeka;Sveučilište u Rijeci;Fakultet;Javno;Visoko učilište;Sveučilišna avenija 6;Rijeka;(+385 51) 265 800;(+385 51) 584 999;dekanat@ufri.hr;www.ufri.uniri.hr;dekanica dr. sc. Lidija Vujičić
Učiteljski fakultet, Zagreb;Sveučilište u Zagrebu;Fakultet;Javno;Znanstvena ustanova i visoko učilište;Savska cesta 77;Zagreb;(+385 1) 6327-301, 6327-300;(+385 1) 6177 860;dekanat@ufzg.hr;www.ufzg.unizg.hr;dekan dr. sc. Siniša Opić
Umjetnička akademija, Split;Sveučilište u Splitu;Umjetnička akademija;Javno;Znanstvena ustanova i visoko učilište;Zagrebačka 3;Split;(+385 21) 360 178;(+385 21) 344 043;office@umas.hr;www.umas.unist.hr;dekan izv. prof. Edvin Dragičević
"Veleučilište ""Lavoslav Ružička"" u Vukovaru";NA;Veleučilište;Javno;Visoko učilište;Županijska 50;Vukovar;(+385 32) 444 688;(+385 32) 444 686;dekanat@vevu.hr;www.vevu.hr;dekan dr. sc. Željko Sudarić
"Veleučilište ""Marko Marulić"", Knin";NA;Veleučilište;Javno;Visoko učilište;Kralja Petra Krešimira IV br. 30;Knin;"(+385 22) 664 450; 664 459";(+385 22) 661 374;"referada@veleknin.hr; info@veleknin.hr";www.veleknin.hr;dekanica Lovorka Blažević
"Veleučilište ""Nikola Tesla"" u Gospiću";NA;Veleučilište;Javno;Visoko učilište;Ulica bana Ivana Karlovića 16;Gospić;(+385 53) 676 321;(+385 53) 573 076;ured.dekana@velegs-nikolatesla.hr;www.velegs-nikolatesla.hr;dekanica dr. sc. Vlatka Ružić
Veleučilište Hrvatsko zagorje Krapina;NA;Veleučilište;Javno;Visoko učilište;Šetalište Hrvatskog  narodnog preporoda 6;Krapina;(+385 49) 382 125;(+385 49) 382 125;"tajnik@vhzk.hr;nsikirica@vhz.hr";www.vhzk.hr;dekan dr. sc. Nenad Sikirica
Veleučilište s pravom javnosti Baltazar Zaprešić;NA;Veleučilište;Privatno;Visoko učilište;Vladimira Novaka 23;Zaprešić;"(+385 1) 3355 477; 4002 782";(+385 1) 3355 480;tajnistvo@bak.hr;www.bak.hr;dekan dr. sc. Ivan Ružić
Veleučilište u Bjelovaru;NA;Veleučilište;Privatno;Visoko učilište;Trg Eugena Kvaternika 4;Bjelovar;(+385 43) 241 191;(+385 43) 241 202;info@vub.hr;www.vub.hr;dekanica dr. sc. Zrinka Puharić
Veleučilište u Karlovcu;NA;Veleučilište;Javno;Znanstvena ustanova i visoko učilište;Trg Josipa Jurja Strossmayera 9;Karlovac;(+385 47) 843 500;(+385 47) 843 503;dekanat@vuka.hr;www.vuka.hr;v.d. dekan Ivan Štedul
Veleučilište u Požegi;NA;Veleučilište;Javno;Visoko učilište;Vukovarska 17;Požega;(+385 34)  311 460;(+385 34) 271 008;ured@vup.hr;www.vup.hr;dekan prof. dr. sc. Borislav Miličević
Veleučilište u Rijeci;NA;Veleučilište;Javno;Visoko učilište;Trpimirova 2/V;Rijeka;(+385 51) 321 300;(+385 51) 211 270;ured@veleri.hr;www.veleri.hr;dekan dr. sc. Saša Hirnig
Veleučilište u Šibeniku;NA;Veleučilište;Javno;Visoko učilište;Trg Andrije Hebranga 11;Šibenik;(+385 22) 311 060;(+385 22) 216 716;dekanat@vus.hr;www.vus.hr;dekan dr. sc. Ljubo Runjić
Veleučilište u Virovitici;NA;Veleučilište;Javno;Visoko učilište;Ulica Matije Gupca 78;Virovitica;(+385 33) 721 099;(+385 33) 721 037;info@vuv.hr;www.vuv.hr;v.d. dekanica dr. sc. Irena Bosnić
Veleučilište Velika Gorica;NA;Veleučilište;Privatno;Visoko učilište;Zagrebačka 5;Velika Gorica;(+385 1) 6222 501;(+385 1) 6222 301;info@vvg.hr;www.vvg.hr;dekan mr. sc. Ivan Toth
Veterinarski fakultet, Zagreb;Sveučilište u Zagrebu;Fakultet;Javno;Znanstvena ustanova i visoko učilište;Heinzelova 55;Zagreb;"(+385 1) 2390 111; 2390 106";(+385 1) 2441 390;"fakultet@vef.hr; info@vet.hr;nenad.turk@vef.hr";www.vef.unizg.hr;dekan prof. dr. sc. Nenad Turk
Visoka poslovna škola PAR, Rijeka;NA;Visoka škola;Privatno;Visoko učilište;Trg riječke rezolucije 4;Rijeka;(+385 51) 327 037;(+385 51) 327 305;info@par.hr;www.par.hr;dekanica dr. sc. Gordana Nikolić
Visoka škola Ivanić-Grad;NA;Visoka škola;Privatno;Visoko učilište;Moslavačka ulica 13;Ivanić-Grad;(+385 1) 2016 841;NA;info@vsig.hr;www.vsig.hr;dekan dr. sc. Mile Marinčić
Visoka škola međunarodnih odnosa i diplomacije Dag Hammarskjöld, Zagreb;NA;Visoka škola;Privatno;Visoko učilište;Trg J. F. Kennedya 6B;Zagreb;(+385 1) 3700 666;(+385 1) 3700 405;tajnistvo@diplomacija.hr;www.diplomacija.hr;v.d. dekan Aleksandar Ostojić
Visoka škola SECURUS (u osnivanju);NA;Visoka škola;Privatno;Visoko učilište;Stoja 2;Pula - Pola;(+385 52) 386 155;(+385 52) 382 399;info@vs-securus.hr;www.vs-securus.hr;v.d. dekan Petar Vitas
Visoka škola za informacijske tehnologije, Zagreb;NA;Visoka škola;Privatno;Visoko učilište;Klaićeva 7;Zagreb;(385 1)  3764 200;(385 1) 3764 264;"dekanat@vsite.hr;referada@vsite.hr";www.vsite.hr;dekan Milan Davidović
Visoka škola za inspekcijski i kadrovski menadžment, Split;NA;Visoka škola;Privatno;Visoko učilište;Zrinsko Frankopanska 209;Split;(+385 21) 645 375;(+385 21) 382 124;"dekan@vsikmp.hr; referada@vsikmp.hr";www.vsikmp.hr;dekan dr. sc. Đorđe Nadrljanski
Visoka škola za menadžment i dizajn Aspira, Split;NA;Visoka škola;Privatno;Visoko učilište;Mike Tripala  6;Split;(+385 21) 323 077;(+385 21) 323 078;info@aspira.hr;www.aspira.hr;dekan Alen Jerkunica
Visoka škola za sigurnost s pravom javnosti, Zagreb;NA;Visoka škola;Privatno;Visoko učilište;Ivana Lučića 5;Zagreb;(+358 1) 6168 143;(+358 1) 6168 566;tajnistvo@vss.hr;www.vss.hr;dekan dr. sc. Nenad Kacian
Visoko evanđeosko teološko učilište, Osijek;NA;Visoka škola;Privatno;Visoko učilište;Cvjetkova 32, p.p.370;Osijek;(+385 31) 494 200;(+385 31) 494 201;info@evtos.hr;www.evtos.hr;dekan dr. sc. Peter Kuzmič
Visoko gospodarsko učilište u Križevcima;NA;Visoka škola;Javno;Znanstvena ustanova i visoko učilište;Milislava Demerca 1;Križevci;(+385 48) 681 597;(+385 48) 682 790;"dekan@vguk.hr; uprava@vguk.hr";www.vguk.hr;dekanica dr. sc. Marcela Andreata-Koren
Visoko učilište Algebra, Zagreb;NA;Visoka škola;Privatno;Znanstvena ustanova i visoko učilište;Ilica 242;Zagreb;(+385 1) 2222 182;(+385 1) 2222 183;info@racunarstvo.hr;www.racunarstvo.hr;dekan dr. sc. Mislav Balković
Zagrebačka škola ekonomije i managementa, Zagreb;NA;Visoka škola;Privatno;Znanstvena ustanova i visoko učilište;Ulica Filipa Vukasovića 1;Zagreb;(+385 1) 2354 242, 2354 010;(+385 1) 2354 243, 2354 155;referada@zsem.hr;www.zsem.hr;dekan dr. sc. Mato Njavro
Zdravstveno veleučilište, Zagreb;NA;Veleučilište;Javno;Znanstvena ustanova i visoko učilište;Mlinarska cesta 38;Zagreb;(+385 1) 5495 800;(+385 1) 5495 900;tajnistvo@zvu.hr;www.zvu.hr;ravnatelj prof. dr. sc. Krešimir Rotim
