naziv;nadredjena_ustanova;vrsta_ustanove;upisnik;adresa;mjesto;telefon;faks;e_mail;web;celnik
Agronomski fakultet, Zagreb;Sveučilište u Zagrebu;Fakultet;Znanstvena ustanova i visoko učilište;Svetošimunska cesta 25;Zagreb;(+385 1) 2393 777;(+385 1) 2315 300;dekanat@agr.hr;www.agr.unizg.hr;dekan prof. dr. sc. Ivica Kisić
Akademija dramske umjetnosti, Zagreb;Sveučilište u Zagrebu;Umjetnička akademija;Znanstvena ustanova i visoko učilište;Trg Republike Hrvatske 5;Zagreb;"(+385 1) 4828 506; 4828 507";(+385 1) 4828 508;dekanat@adu.hr;www.adu.unizg.hr;dekan doc. Davor Švaić
Akademija likovnih umjetnosti, Zagreb;Sveučilište u Zagrebu;Umjetnička akademija;Znanstvena ustanova i visoko učilište;Ilica 85;Zagreb;(+385 1) 3777-300;(+385 1) 3773 401;alu@alu.hr;www.alu.unizg.hr;dekan Tomislav Buntak
Akademija medicinskih znanosti Hrvatske;NA;NA;Znanstvena ustanova;Praška 2/III. , Zagreb;Zagreb;(+385 1) 4828 662;(+385 1) 4828 038;amzh@zg.t-com.hr;www.amzh.hr;predsjednica prof. dr. sc. Alemka Markotić
Akademija tehničkih znanosti;NA;NA;Znanstvena ustanova;Andrije Kačića Miošića 28;Zagreb;(+385 1) 4922-559;(+385 1) 4922-569;hatz@hatz.hr;www.hatz.hr;predsjednik red. prof. dr. sc. Stanko Tonković
Arheološki muzej u Zagrebu;NA;NA;Znanstvena ustanova;Trg Nikole Šubića Zrinskog 19;Zagreb;(+385 1) 4873-000;NA;amz@amz.hr;www.amz.hr;ravnateljica doc. dr. sc. Jacqueline Balen
Arhitektonski fakultet, Zagreb;Sveučilište u Zagrebu;Fakultet;Znanstvena ustanova i visoko učilište;Fra Andrije Kačića Miošića 26;Zagreb;(+385 1) 4639 222;(+385 1) 4838 810;dekan@arhitekt.hr;www.arhitekt.unizg.hr;dekan prof. dr. sc. Bojan Baletić
Bc Institut za oplemenjivanje i proizvodnju bilja, d.d.;NA;NA;Znanstvena ustanova;Rugvica, Dugoselska 7;Zagreb;(+385 1) 2781-510;NA;bc-uprava@bc-institut.hr;www.bc-institut.hr;direktor Kristijan Puškarić
BICRO BIOCENTAR d.o.o.;NA;NA;Znanstvena ustanova;Borongajska cesta 83H;Zagreb;(+385 1) 6458 640;NA;info@biocentre.hr;www.biocentre.hr;član uprave dr. sc. Marija Lovrić
Brodarski institut d.o.o.;NA;NA;Znanstvena ustanova;Avenija V. Holjevca 20;Zagreb;(+385 1) 6550-953;NA;brod.inst@hrbi.hr;NA;direktor dr. sc. Ognjen Kuljača
Centar za kliničku primjenu neuroznanosti;NA;NA;Znanstvena ustanova;Šalata 10;Zagreb;(+385 1) 4596 868;(+385 1) 4596 945;ckpn@hiim.hr;NA;ravnatelj dr. sc. Mario Vukšić
Centar za politološka istraživanja d.o.o, Zagreb;NA;NA;Znanstvena ustanova;Gupčeva 14a;Zagreb;(+385 1) 3863-113;NA;cpi@cpi.hr;www.cpi.hr;voditelj dr. sc. Anđelko Milardović
Dječja bolnica Srebrnjak;NA;NA;Znanstvena ustanova;Srebrnjak 100;Zagreb;(+385 1) 6391-100, (+385 1) 6391-115;(+385 1) 6391-188;bolnica@bolnica-srebrnjak.hr;www.bolnica-srebrnjak.hr;ravnatelj doc. dr. sc. Boro Nogalo
Državni hidrometeorološki zavod;NA;NA;Znanstvena ustanova;Ravnice 48;Zagreb;(+385 1) 4565-717;NA;dhmz@cirus.dhz.hr;www.meteo.hr;ravnateljica dr. sc. Branka Ivančan-Picek
Duhanski institut Zagreb;NA;NA;Znanstvena ustanova;Svetošimunska cesta 25;Zagreb;(+385 1) 2393 666;(+385 1) 2393 670;duhanski@agr.hr;NA;direktor dr. sc. Miroslav Čavlek
Edukacijsko-rehabilitacijski fakultet, Zagreb;Sveučilište u Zagrebu;Fakultet;Znanstvena ustanova i visoko učilište;Borongajska cesta 83f;Zagreb;(+385 1) 2457 000;(+385 1) 2457 559;dekan@erf.unizg.hr;www.erf.unizg.hr;dekan dr. sc. Ante Bilić-Prcić
EFFECTUS poduzetnički studiji - visoko učilište, Zagreb;NA;Visoka škola;Znanstvena ustanova i visoko učilište;Trg J. F. Kennedya 2;Zagreb;(+385 1)  6117 777;(+385 1) 6117 022;referada@effectus.com.hr;www.effectus.com.hr;v.d. dekan dr. sc. Đuro Horvat
Ekonomski fakultet, Osijek;Sveučilište  Josipa Jurja Strossmayera u Osijeku;Fakultet;Znanstvena ustanova i visoko učilište;Gajev trg 7;Osijek;(+385 31) 224 400;(+385 31) 211 604;ured@efos.hr;www.efos.unios.hr;dekan dr. sc. Boris Crnković
Ekonomski fakultet, Rijeka;Sveučilište u Rijeci;Fakultet;Znanstvena ustanova i visoko učilište;Ivana Filipovića 4;Rijeka;"(+385 51) 355 111; (+385 51) 355 100";NA;efri@efri.hr;www.efri.uniri.hr;dekan prof. dr. sc. Alen Host
Ekonomski fakultet, Split;Sveučilište u Splitu;Fakultet;Znanstvena ustanova i visoko učilište;Cvite Fisković 5;Split;(+385 21) 430 601;(+385 21) 430 701;dekanat@efst.hr;www.efst.unist.hr;dekanica prof. dr. sc. Maja Fredotović
Ekonomski fakultet, Zagreb;Sveučilište u Zagrebu;Fakultet;Znanstvena ustanova i visoko učilište;Trg. J. F. Kennedya 6;Zagreb;(+385 1) 2383 333;(+385 1) 2335 633;"dekan@efzg.hr; dean@efzg.hr";www.efzg.unizg.hr;dekan prof. dr. sc. Jurica Pavičić
Ekonomski institut, Zagreb;NA;NA;Znanstvena ustanova;Trg J.F.Kennedyja 7;Zagreb;(+385 1) 2362-270;NA;eizagreb@eizg.hr;www.eizg.hr;ravnateljica dr. sc. Tajana Barbić
Energetski institut Hrvoje Požar;NA;NA;Znanstvena ustanova;Savska cesta 163;Zagreb;"(+385 1) 6040-588;(+385 1) 6326 100";NA;eihp@eihp.hr;www.eihp.hr;ravnatelj Dražen Jakšić
Ericsson Nikola Tesla d.d.;NA;NA;Znanstvena ustanova;Krapinska 45;Zagreb;(+385 1) 3653-535;NA;etk.company@ericsson.com;www.ericsson.com.hr;direktorica mr. sc. Gordana Kovačević
Fakultet agrobiotehničkih znanosti, Osijek;Sveučilište  Josipa Jurja Strossmayera u Osijeku;Fakultet;Znanstvena ustanova i visoko učilište;Vladimira Preloga 1;Osijek;(+385 31) 554 801;(+385 31) 554 853;dekanat@fazos.hr;www.fazos.unios.hr;dekan prof. dr. sc. Krunoslav Zmaić
Fakultet elektrotehnike i računarstva, Zagreb;Sveučilište u Zagrebu;Fakultet;Znanstvena ustanova i visoko učilište;Unska 3;Zagreb;(+385 1) 6129 999;(+385 1) 6170 007;fer@fer.hr;www.fer.unizg.hr;dekan prof. dr. sc. Gordan Gledec
Fakultet elektrotehnike, računarstva i informacijskih tehnologija Osijek;Sveučilište  Josipa Jurja Strossmayera u Osijeku;Fakultet;Znanstvena ustanova i visoko učilište;Kneza Trpimira 2b;Osijek;(+385 31) 224 600;(+385 31) 224 605;ferit@ferit.hr;www.ferit.unios.hr;dekan izv. prof. dr. sc. Tomislav Matić
Fakultet elektrotehnike, strojarstva i brodogradnje, Split;Sveučilište u Splitu;Fakultet;Znanstvena ustanova i visoko učilište;Ruđera Boškovića 32;Split;"(+385 21) 305 777; 701";(+385 21) 305 776;dekanat@fesb.hr;www.fesb.unist.hr;dekan prof. dr. sc. Srdjan Podrug
Fakultet filozofije i religijskih znanosti, Zagreb;Sveučilište u Zagrebu;Fakultet;Znanstvena ustanova i visoko učilište;Jordanovac 110, pp 169;Zagreb;(+385 1) 2354 222;NA;"tajnistvo@ffrz.unizg.hr;emanuela.herceg@ffrz.unizg.hr";www.ffrz.unizg.hr;dekan prof. dr. sc. Ivan Koprek
Fakultet građevinarstva, arhitekture i geodezije, Split;Sveučilište u Splitu;Fakultet;Znanstvena ustanova i visoko učilište;Matice hrvatske 15;Split;(+385 21) 303 333;NA;info@gradst.hr;www.gradst.unist.hr;dekan izv. prof. dr. sc. Nikša Jajac
Fakultet hrvatskih studija, Zagreb;Sveučilište u Zagrebu;Fakultet;Znanstvena ustanova i visoko učilište;Borongajska cesta 83d;Zagreb;(+385 1) 2457 600;(+385 1) 2457 636;"dekanov.ured@hrstud.hr;";www.hrstud.unizg.hr;NA
Fakultet kemijskog inženjerstva i tehnologije, Zagreb;Sveučilište u Zagrebu;Fakultet;Znanstvena ustanova i visoko učilište;Marulićev trg 19;Zagreb;"(+385 1) 4597 281; (+385 1) 4597 222";(+385 1) 4597 260;office@fkit.unizg.hr;www.fkit.unizg.hr;dekan prof. dr. sc. Ante Jukić
Fakultet organizacije i informatike, Varaždin;Sveučilište u Zagrebu;Fakultet;Znanstvena ustanova i visoko učilište;Pavlinska 2;Varaždin;(+385 42) 390 800;(+385 42) 213 413;ured-dekana@foi.hr;www.foi.unizg.hr;dekanica prof. dr. sc. Nina Begičević Ređep
Fakultet političkih znanosti, Zagreb;Sveučilište u Zagrebu;Fakultet;Znanstvena ustanova i visoko učilište;Lepušićeva 6;Zagreb;(+385 1) 4642 000;(+385 1) 4655 316;dekanat@fpzg.hr;www.fpzg.unizg.hr;dekan izv. prof. dr. sc. Andrija Henjak
Fakultet prometnih znanosti, Zagreb;Sveučilište u Zagrebu;Fakultet;Znanstvena ustanova i visoko učilište;Vukelićeva 4;Zagreb;(+385 1) 2380 222;(+385 1) 2314 415;dekanat@fpz.hr;www.fpz.unizg.hr;dekan dr. sc. Tomislav Josip Mlinarić
Fakultet strojarstva i brodogradnje, Zagreb;Sveučilište u Zagrebu;Fakultet;Znanstvena ustanova i visoko učilište;Ivana Lučića 5;Zagreb;(+385 1) 6168 220;(+385 1) 6156 940;dekanat@fsb.hr;www.fsb.unizg.hr;dekan prof. dr. sc. Dubravko Majetić
Fakultet šumarstva i drvne tehnologije, Zagreb;Sveučilište u Zagrebu;Fakultet;Znanstvena ustanova i visoko učilište;Svetošimunska cesta 25;Zagreb;(+385 1) 2352 555;(+385 1) 2318 616;dekanat@sumfak.unizg.hr;www.sumfak.unizg.hr;dekan prof. dr. sc. Tibor Pentek
Fakultet za dentalnu medicinu i zdravstvo, Osijek;Sveučilište  Josipa Jurja Strossmayera u Osijeku;Fakultet;Znanstvena ustanova i visoko učilište;Crkvena 21;Osijek;(+385 31) 512 800;(+385 31) 512 833;info@fdmz.hr;www.fdmz.hr;ravnatelj prof. dr. sc. Aleksandar Včev
Fakultet za menadžment u turizmu i ugostiteljstvu, Opatija;Sveučilište u Rijeci;Fakultet;Znanstvena ustanova i visoko učilište;Naselje Ika, Primorska 46;Opatija;(+385 51) 294 706;(+385 51) 291 695;dekanat@fthm.hr;www.fthm.uniri.hr;dekanica prof. dr. sc. Sandra Janković
Fakultet za odgojne i obrazovne znanosti, Osijek;Sveučilište  Josipa Jurja Strossmayera u Osijeku;Fakultet;Znanstvena ustanova i visoko učilište;Ulica cara Hadrijana 10;Osijek;(+385 31) 321 700;(+385 31) 321 899;helpdesk@foozos.hr;www.foozos.hr;dekan prof. dr. sc. Damir Matanović
Fakultet zdravstvenih studija, Rijeka;Sveučilište u Rijeci;Fakultet;Znanstvena ustanova i visoko učilište;Viktora Cara Emina 5;Rijeka;(+385 51) 688 266;(+385 51) 554 950;dekanatfzsri@uniri.hr;www.fzsri.uniri.hr;dekanica prof. dr. sc. Daniela Malnar
Farmaceutsko-biokemijski fakultet, Zagreb;Sveučilište u Zagrebu;Fakultet;Znanstvena ustanova i visoko učilište;Ante Kovačića 1;Zagreb;(+385 1) 4818 288;(+385 1) 6394 400;dekanat@pharma.hr;www.pharma.unizg.hr;dekanica dr. sc. Jasmina Lovrić
Fidelta d.o.o.;NA;NA;Znanstvena ustanova;Prilaz baruna Filipovića 29;Zagreb;(+385 1) 8886 300, (+385 1) 8886 301;(+385 1) 8886 441;fidelta@glpg.eu;www.fidelta.eu;predsjednik uprave dr. sc. Adrijana Vinter
Filozofski fakultet u Splitu;Sveučilište u Splitu;Fakultet;Znanstvena ustanova i visoko učilište;Poljička cesta 35;Split;(+385 21) 491 515;(+385 21) 329 288;dekanat@ffst.hr;www.ffst.unist.hr;dekanica izv. prof. dr. sc. Gloria Vickov
Filozofski fakultet, Osijek;Sveučilište  Josipa Jurja Strossmayera u Osijeku;Fakultet;Znanstvena ustanova i visoko učilište;Lorenza Jagera 9;Osijek;(+385 31) 211 400;(+385 31) 211 514;"helpdesk@knjiga.ffos.hr; dekan@ffos.hr";www.ffos.unios.hr;ravnatelj izv. prof. dr. sc. Ivan Trojan
Filozofski fakultet, Rijeka;Sveučilište u Rijeci;Fakultet;Znanstvena ustanova i visoko učilište;Sveučilišna avenija 4;Rijeka;"(+385 51) 265 600; 265 602";(+385 51) 216 099;dekanat@ffri.uniri.hr;www.ffri.uniri.hr;dekan izv. prof. dr. sc. Aleksandar Mijatović
Filozofski fakultet, Zagreb;Sveučilište u Zagrebu;Fakultet;Znanstvena ustanova i visoko učilište;Ivana Lučića 3;Zagreb;(+385 1) 6120 111;(+385 1) 6156 879;"ured_dekana@ffzg.hr; o.d.dekana@ffzg.hr";www.ffzg.unizg.hr;v.d. dekan prof. dr. sc. Miljenko Jurković
Filozofsko-teološki institut Družbe Isusove, Zagreb;NA;NA;Znanstvena ustanova;Jordanovac 110;Zagreb;(+385 1) 2354-203;NA;ffdi@ffdi.hr;www.ffdi.hr;ravnatelj izv. prof. dr. sc. Ivan Antunović
Genera d.d.;NA;NA;Znanstvena ustanova;Svetonedjeljska 2;Kalinovica;(+385 1) 333 8888;(+385 1) 333 8707;info@genera.hr;www.genera.hr;predsjednik uprave Marko Smetiško
GENOS d.o.o.;NA;NA;Znanstvena ustanova;Trg Ljudevita Gaja 6, Osijek;Osijek;(+385 31) 251-044;(+385 31) 251-005;info@genos.hr;www.genos.hr;predsjednik prof. dr. sc. Gordan Lauc
Fakultet hrvatskih studija, Zagreb;Sveučilište u Zagrebu;Fakultet;Znanstvena ustanova i visoko učilište;Borongajska cesta 83d;Zagreb;(+385 1) 2457 600;(+385 1) 2457 636;"dekanov.ured@hrstud.hr;";www.hrstud.unizg.hr;NA
Fakultet kemijskog inženjerstva i tehnologije, Zagreb;Sveučilište u Zagrebu;Fakultet;Znanstvena ustanova i visoko učilište;Marulićev trg 19;Zagreb;"(+385 1) 4597 281; (+385 1) 4597 222";(+385 1) 4597 260;office@fkit.unizg.hr;www.fkit.unizg.hr;dekan prof. dr. sc. Ante Jukić
Fakultet organizacije i informatike, Varaždin;Sveučilište u Zagrebu;Fakultet;Znanstvena ustanova i visoko učilište;Pavlinska 2;Varaždin;(+385 42) 390 800;(+385 42) 213 413;ured-dekana@foi.hr;www.foi.unizg.hr;dekanica prof. dr. sc. Nina Begičević Ređep
Fakultet političkih znanosti, Zagreb;Sveučilište u Zagrebu;Fakultet;Znanstvena ustanova i visoko učilište;Lepušićeva 6;Zagreb;(+385 1) 4642 000;(+385 1) 4655 316;dekanat@fpzg.hr;www.fpzg.unizg.hr;dekan izv. prof. dr. sc. Andrija Henjak
Fakultet prometnih znanosti, Zagreb;Sveučilište u Zagrebu;Fakultet;Znanstvena ustanova i visoko učilište;Vukelićeva 4;Zagreb;(+385 1) 2380 222;(+385 1) 2314 415;dekanat@fpz.hr;www.fpz.unizg.hr;dekan dr. sc. Tomislav Josip Mlinarić
Fakultet strojarstva i brodogradnje, Zagreb;Sveučilište u Zagrebu;Fakultet;Znanstvena ustanova i visoko učilište;Ivana Lučića 5;Zagreb;(+385 1) 6168 220;(+385 1) 6156 940;dekanat@fsb.hr;www.fsb.unizg.hr;dekan prof. dr. sc. Dubravko Majetić
Fakultet šumarstva i drvne tehnologije, Zagreb;Sveučilište u Zagrebu;Fakultet;Znanstvena ustanova i visoko učilište;Svetošimunska cesta 25;Zagreb;(+385 1) 2352 555;(+385 1) 2318 616;dekanat@sumfak.unizg.hr;www.sumfak.unizg.hr;dekan prof. dr. sc. Tibor Pentek
Fakultet za dentalnu medicinu i zdravstvo, Osijek;Sveučilište  Josipa Jurja Strossmayera u Osijeku;Fakultet;Znanstvena ustanova i visoko učilište;Crkvena 21;Osijek;(+385 31) 512 800;(+385 31) 512 833;info@fdmz.hr;www.fdmz.hr;ravnatelj prof. dr. sc. Aleksandar Včev
Fakultet za menadžment u turizmu i ugostiteljstvu, Opatija;Sveučilište u Rijeci;Fakultet;Znanstvena ustanova i visoko učilište;Naselje Ika, Primorska 46;Opatija;(+385 51) 294 706;(+385 51) 291 695;dekanat@fthm.hr;www.fthm.uniri.hr;dekanica prof. dr. sc. Sandra Janković
Fakultet za odgojne i obrazovne znanosti, Osijek;Sveučilište  Josipa Jurja Strossmayera u Osijeku;Fakultet;Znanstvena ustanova i visoko učilište;Ulica cara Hadrijana 10;Osijek;(+385 31) 321 700;(+385 31) 321 899;helpdesk@foozos.hr;www.foozos.hr;dekan prof. dr. sc. Damir Matanović
Fakultet zdravstvenih studija, Rijeka;Sveučilište u Rijeci;Fakultet;Znanstvena ustanova i visoko učilište;Viktora Cara Emina 5;Rijeka;(+385 51) 688 266;(+385 51) 554 950;dekanatfzsri@uniri.hr;www.fzsri.uniri.hr;dekanica prof. dr. sc. Daniela Malnar
Farmaceutsko-biokemijski fakultet, Zagreb;Sveučilište u Zagrebu;Fakultet;Znanstvena ustanova i visoko učilište;Ante Kovačića 1;Zagreb;(+385 1) 4818 288;(+385 1) 6394 400;dekanat@pharma.hr;www.pharma.unizg.hr;dekanica dr. sc. Jasmina Lovrić
Fidelta d.o.o.;NA;NA;Znanstvena ustanova;Prilaz baruna Filipovića 29;Zagreb;(+385 1) 8886 300, (+385 1) 8886 301;(+385 1) 8886 441;fidelta@glpg.eu;www.fidelta.eu;predsjednik uprave dr. sc. Adrijana Vinter
Filozofski fakultet u Splitu;Sveučilište u Splitu;Fakultet;Znanstvena ustanova i visoko učilište;Poljička cesta 35;Split;(+385 21) 491 515;(+385 21) 329 288;dekanat@ffst.hr;www.ffst.unist.hr;dekanica izv. prof. dr. sc. Gloria Vickov
Filozofski fakultet, Osijek;Sveučilište  Josipa Jurja Strossmayera u Osijeku;Fakultet;Znanstvena ustanova i visoko učilište;Lorenza Jagera 9;Osijek;(+385 31) 211 400;(+385 31) 211 514;"helpdesk@knjiga.ffos.hr; dekan@ffos.hr";www.ffos.unios.hr;ravnatelj izv. prof. dr. sc. Ivan Trojan
Filozofski fakultet, Rijeka;Sveučilište u Rijeci;Fakultet;Znanstvena ustanova i visoko učilište;Sveučilišna avenija 4;Rijeka;"(+385 51) 265 600; 265 602";(+385 51) 216 099;dekanat@ffri.uniri.hr;www.ffri.uniri.hr;dekan izv. prof. dr. sc. Aleksandar Mijatović
Filozofski fakultet, Zagreb;Sveučilište u Zagrebu;Fakultet;Znanstvena ustanova i visoko učilište;Ivana Lučića 3;Zagreb;(+385 1) 6120 111;(+385 1) 6156 879;"ured_dekana@ffzg.hr; o.d.dekana@ffzg.hr";www.ffzg.unizg.hr;v.d. dekan prof. dr. sc. Miljenko Jurković
Filozofsko-teološki institut Družbe Isusove, Zagreb;NA;NA;Znanstvena ustanova;Jordanovac 110;Zagreb;(+385 1) 2354-203;NA;ffdi@ffdi.hr;www.ffdi.hr;ravnatelj izv. prof. dr. sc. Ivan Antunović
Genera d.d.;NA;NA;Znanstvena ustanova;Svetonedjeljska 2;Kalinovica;(+385 1) 333 8888;(+385 1) 333 8707;info@genera.hr;www.genera.hr;predsjednik uprave Marko Smetiško
GENOS d.o.o.;NA;NA;Znanstvena ustanova;Trg Ljudevita Gaja 6, Osijek;Osijek;(+385 31) 251-044;(+385 31) 251-005;info@genos.hr;www.genos.hr;predsjednik prof. dr. sc. Gordan Lauc
Geodetski fakultet, Zagreb;Sveučilište u Zagrebu;Fakultet;Znanstvena ustanova i visoko učilište;Fra Andrije Kačića Miošića 26;Zagreb;(+385 1) 4639 222;(+385 1) 4828 081;"info@geof.unizg.hr; pisarnica@geof.unizg.hr;";www.geof.unizg.hr;dekan izv. prof. dr. sc. Almin Đapo
Geotehnički fakultet, Varaždin;Sveučilište u Zagrebu;Fakultet;Znanstvena ustanova i visoko učilište;Hallerova aleja 7;Varaždin;(+385 42) 408-900;(+385 42) 313 587;ured.dekana@gfv.unizg.hr;www.gfv.unizg.hr;dekan izv. prof. dr. sc. Hrvoje Meaški
Građevinski fakultet, Rijeka;Sveučilište u Rijeci;Fakultet;Znanstvena ustanova i visoko učilište;Radmile Matejčić 3;Rijeka;(+385 51) 265 900;(+385 51) 265 998;"dekanat@gradri.hr; info@gradri.uniri.hr";www.gradri.uniri.hr;dekan dr. sc. Mladen Bulić
Građevinski fakultet, Zagreb;Sveučilište u Zagrebu;Fakultet;Znanstvena ustanova i visoko učilište;Ulica fra Andrije Kačića Miošića 26;Zagreb;(+385 1) 4639 255;(+385 1) 4639 206;ured.dekana@grad.unizg.hr;www.grad.unizg.hr;dekan prof. dr. sc. Stjepan Lakušić
Građevinski i arhitektonski fakultet Osijek;Sveučilište  Josipa Jurja Strossmayera u Osijeku;Fakultet;Znanstvena ustanova i visoko učilište;Ulica Vladimira Preloga 3;Osijek;(+385 31) 540 070;"(+385 31) 540 071;(+385 31) 540 071";gfos@gfos.hr;www.gfos.unios.hr;dekan prof. dr. sc. Damir Varevac
Grafički fakultet, Zagreb;Sveučilište u Zagrebu;Fakultet;Znanstvena ustanova i visoko učilište;Getaldićeva 2;Zagreb;(+385 1) 2371 080;(+385 1) 2371 077;info@grf.hr;www.grf.unizg.hr;dekan prof. dr. sc. Nikola Mrvac
Hrvatska akademija znanosti i umjetnosti;NA;NA;Znanstvena ustanova;Trg Nikole Šubića Zrinskog 11;Zagreb;(+385 1) 4895-111, (+385 1) 4819-983;NA;kabpred@hazu.hr;www.hazu.hr;predsjednik akademik Zvonko Kusić
Hrvatska telekomunikacije;NA;NA;Znanstvena ustanova;Andrije Hebranga 32-34;Zagreb;(+385 1) 4911-400;NA;NA;NA;NA
Hrvatski državni arhiv;NA;NA;Znanstvena ustanova;Marulićev trg 21;Zagreb;(+385 1) 4801-999;NA;hda@arhiv.hr;NA;ravnatelj dr. sc. Dinko Čutura
Hrvatski geološki institut;NA;NA;Znanstvena ustanova;Sachsova 2;Zagreb;(+385 1) 6160-750;NA;ured@hgi-cgs.hr;www.hgi-cgs.hr;ravnatelj dr. sc. Slobodan Miko
Hrvatski hidrografski institut;NA;NA;Znanstvena ustanova;Zrinsko Frankopanska 161;Split;(+385 21) 308 800;NA;office@hhi.hr;www.hhi.hr;ravnatelj dr. sc. Zvonko Gržetić
Hrvatski institut za povijest, Zagreb;NA;NA;Znanstvena ustanova;Opatička 10;Zagreb;"(+385 1) 4851 721; (+385 1) 4851 720;";NA;ured@isp.hr;www.isp.hr;ravnatelj dr. sc. Gordan Ravančić
Hrvatski memorijalno-dokumentacijski centar Domovinskog rata;NA;NA;Znanstvena ustanova;Marulićev trg 21;Zagreb;(+385 1) 4828 268;(+385 1) 4828 221;centar@centardomovinskograta.hr;www.centardomovinskograta.hr;ravnatelj dr. sc. Ante Nazor
Hrvatski prirodoslovni muzej;NA;NA;Znanstvena ustanova;Demetrova 1;Zagreb;(+385 1) 4851-645, (+385 1) 4851-700;NA;hpm@hpm.hr;NA;ravnateljica dr. sc. Tatjana Vlahović
Hrvatski šumarski institut, Jastrebarsko;NA;NA;Znanstvena ustanova;Cvjetno naselje 41;Jastrebarsko;"(+385 1) 6273 000; (+385 1) 6281 492";NA;ured@sumins.hr;www.sumins.hr;ravnateljica doc. dr. sc. Sanja Perić
Hrvatski veterinarski institut, Zagreb;NA;NA;Znanstvena ustanova;Savska cesta 143;Zagreb;"(+385 1) 6190 845; (+385 1) 6123 666";NA;ured@veinst.hr;www.veinst.hr;ravnatelj dr. sc. Boris Habrun
Hrvatski zavod za javno zdravstvo;NA;NA;Znanstvena ustanova;Rockfellerova 7;Zagreb;(+385 1) 4683-001;NA;ravnatelj@hzjz.hr;www.hzjz.hr;ravnatelj dr. sc. Krunoslav Capak
Hrvatski zavod za transfuzijsku medicinu;NA;NA;Znanstvena ustanova;Petrova 3;Zagreb;(+385 1) 4600-333, (+385 1) 4633-283;NA;irena.jukic@hztm.hr;NA;ravnateljica dr. sc. Irena Jukić
Hrvatsko katoličko sveučilište, Zagreb;NA;Sveučilište;Znanstvena ustanova i visoko učilište;Ilica 242;Zagreb;(+385 1) 3706 600;(+385 1) 3706 601;"info@unicath.hr;rektorat@unicath.hr";www.unicath.hr;rektor dr. sc. Željko Tanjić
Imunološki zavod d.d.;NA;NA;Znanstvena ustanova;Rockefellerova 2;Zagreb;(+385 1) 6414-100, (+385 1) 6414-258;NA;"ured@imz.hr;zvijece@imz.hr";www.imz.hr;direktor mr. Davorin Gajnik
INA-Industrija nafte d.d.;NA;NA;Znanstvena ustanova;Avenija Većeslava Holjevca 10;Zagreb;(+385 1) 6450 000;(+385 1) 6452 100;ina-besplatni.telefon@ina.hr;http://www.ina.hr/;direktor Gabriel Račka
InfoDom d.o.o.;NA;NA;Znanstvena ustanova;A. Žaje 61, Zagreb;Zagreb;(+385 1) 3040-588;(+385 1) 3040-593;infodom@infodom.hr;www.infodom.hr;direktor dr. sc. Slavko Vidović
"Institut ""Ruđer Bošković"", Zagreb";NA;NA;Znanstvena ustanova;Bijenička cesta 54;Zagreb;(+385 1) 4561 111;NA;ravnatelj@irb.hr;www.irb.hr;ravnatelj dr. sc. David Matthew Smith
Institut društvenih znanosti Ivo Pilar, Zagreb;NA;NA;Znanstvena ustanova;Marulićev trg 19/I;Zagreb;(+385 1) 4886 800, (+385 1) 4886-817;NA;ured@pilar.hr;www.pilar.hr;ravnatelj prof. dr. sc. Željko Holjevac
INSTITUT IGH, d.d.;NA;NA;Znanstvena ustanova;Janka Rakuše 1;Zagreb;(+385 1) 6125-125;(+385 1) 6125 401;igh@igh.hr;www.igh.hr;direktor Oliver Kumrić
Institut prometa i veza,  Zagreb;NA;NA;Znanstvena ustanova;Kušlanova 2;Zagreb;(+385 1) 2300-146;(+385 1) 2333-595;ipv@ipv-zg.hr;www.ipv-zg.hr;ravnatelj doc. dr. sc. Predrag Brlek
Institut za antropologiju;NA;NA;Znanstvena ustanova;Ljudevita Gaja 32;Zagreb;(+385 1) 5535-100, (+385 1) 5535-102;NA;ured@inantro.hr;www.inantro.hr;ravnatelj dr. sc. Saša Missoni
Institut za arheologiju, Zagreb;NA;NA;Znanstvena ustanova;Ljudevita Gaja 32;Zagreb;(+385 1) 6150 250;NA;ured.ravnatelja@iarh.hr;www.iarh.hr;ravnatelj dr. sc. Marko Dizdar
Institut za društvena istraživanja , Zagreb;NA;NA;Znanstvena ustanova;Amruševa 11/II;Zagreb;(+385 1) 4810 264;NA;idiz@idi.hr;www.idi.hr;ravnatelj dr. sc. Boris Jokić
Institut za etnologiju i folkloristiku, Zagreb;NA;NA;Znanstvena ustanova;Šubićeva 42;Zagreb;(+385 1) 4596-700;NA;institut@ief.hr;www.ief.hr;ravnateljica dr. sc. Iva Niemčić
Hrvatski hidrografski institut;NA;NA;Znanstvena ustanova;Zrinsko Frankopanska 161;Split;(+385 21) 308 800;NA;office@hhi.hr;www.hhi.hr;ravnatelj dr. sc. Zvonko Gržetić
Hrvatski institut za povijest, Zagreb;NA;NA;Znanstvena ustanova;Opatička 10;Zagreb;"(+385 1) 4851 721; (+385 1) 4851 720;";NA;ured@isp.hr;www.isp.hr;ravnatelj dr. sc. Gordan Ravančić
Hrvatski memorijalno-dokumentacijski centar Domovinskog rata;NA;NA;Znanstvena ustanova;Marulićev trg 21;Zagreb;(+385 1) 4828 268;(+385 1) 4828 221;centar@centardomovinskograta.hr;www.centardomovinskograta.hr;ravnatelj dr. sc. Ante Nazor
Hrvatski prirodoslovni muzej;NA;NA;Znanstvena ustanova;Demetrova 1;Zagreb;(+385 1) 4851-645, (+385 1) 4851-700;NA;hpm@hpm.hr;NA;ravnateljica dr. sc. Tatjana Vlahović
Hrvatski šumarski institut, Jastrebarsko;NA;NA;Znanstvena ustanova;Cvjetno naselje 41;Jastrebarsko;"(+385 1) 6273 000; (+385 1) 6281 492";NA;ured@sumins.hr;www.sumins.hr;ravnateljica doc. dr. sc. Sanja Perić
Hrvatski veterinarski institut, Zagreb;NA;NA;Znanstvena ustanova;Savska cesta 143;Zagreb;"(+385 1) 6190 845; (+385 1) 6123 666";NA;ured@veinst.hr;www.veinst.hr;ravnatelj dr. sc. Boris Habrun
Hrvatski zavod za javno zdravstvo;NA;NA;Znanstvena ustanova;Rockfellerova 7;Zagreb;(+385 1) 4683-001;NA;ravnatelj@hzjz.hr;www.hzjz.hr;ravnatelj dr. sc. Krunoslav Capak
Hrvatski zavod za transfuzijsku medicinu;NA;NA;Znanstvena ustanova;Petrova 3;Zagreb;(+385 1) 4600-333, (+385 1) 4633-283;NA;irena.jukic@hztm.hr;NA;ravnateljica dr. sc. Irena Jukić
Hrvatsko katoličko sveučilište, Zagreb;NA;Sveučilište;Znanstvena ustanova i visoko učilište;Ilica 242;Zagreb;(+385 1) 3706 600;(+385 1) 3706 601;"info@unicath.hr;rektorat@unicath.hr";www.unicath.hr;rektor dr. sc. Željko Tanjić
Imunološki zavod d.d.;NA;NA;Znanstvena ustanova;Rockefellerova 2;Zagreb;(+385 1) 6414-100, (+385 1) 6414-258;NA;"ured@imz.hr;zvijece@imz.hr";www.imz.hr;direktor mr. Davorin Gajnik
INA-Industrija nafte d.d.;NA;NA;Znanstvena ustanova;Avenija Većeslava Holjevca 10;Zagreb;(+385 1) 6450 000;(+385 1) 6452 100;ina-besplatni.telefon@ina.hr;http://www.ina.hr/;direktor Gabriel Račka
InfoDom d.o.o.;NA;NA;Znanstvena ustanova;A. Žaje 61, Zagreb;Zagreb;(+385 1) 3040-588;(+385 1) 3040-593;infodom@infodom.hr;www.infodom.hr;direktor dr. sc. Slavko Vidović
"Institut ""Ruđer Bošković"", Zagreb";NA;NA;Znanstvena ustanova;Bijenička cesta 54;Zagreb;(+385 1) 4561 111;NA;ravnatelj@irb.hr;www.irb.hr;ravnatelj dr. sc. David Matthew Smith
Institut društvenih znanosti Ivo Pilar, Zagreb;NA;NA;Znanstvena ustanova;Marulićev trg 19/I;Zagreb;(+385 1) 4886 800, (+385 1) 4886-817;NA;ured@pilar.hr;www.pilar.hr;ravnatelj prof. dr. sc. Željko Holjevac
INSTITUT IGH, d.d.;NA;NA;Znanstvena ustanova;Janka Rakuše 1;Zagreb;(+385 1) 6125-125;(+385 1) 6125 401;igh@igh.hr;www.igh.hr;direktor Oliver Kumrić
Institut prometa i veza,  Zagreb;NA;NA;Znanstvena ustanova;Kušlanova 2;Zagreb;(+385 1) 2300-146;(+385 1) 2333-595;ipv@ipv-zg.hr;www.ipv-zg.hr;ravnatelj doc. dr. sc. Predrag Brlek
Institut za antropologiju;NA;NA;Znanstvena ustanova;Ljudevita Gaja 32;Zagreb;(+385 1) 5535-100, (+385 1) 5535-102;NA;ured@inantro.hr;www.inantro.hr;ravnatelj dr. sc. Saša Missoni
Institut za arheologiju, Zagreb;NA;NA;Znanstvena ustanova;Ljudevita Gaja 32;Zagreb;(+385 1) 6150 250;NA;ured.ravnatelja@iarh.hr;www.iarh.hr;ravnatelj dr. sc. Marko Dizdar
Institut za društvena istraživanja , Zagreb;NA;NA;Znanstvena ustanova;Amruševa 11/II;Zagreb;(+385 1) 4810 264;NA;idiz@idi.hr;www.idi.hr;ravnatelj dr. sc. Boris Jokić
Institut za etnologiju i folkloristiku, Zagreb;NA;NA;Znanstvena ustanova;Šubićeva 42;Zagreb;(+385 1) 4596-700;NA;institut@ief.hr;www.ief.hr;ravnateljica dr. sc. Iva Niemčić
Institut za filozofiju, Zagreb;NA;NA;Znanstvena ustanova;Ulica grada Vukovara 54;Zagreb;"(+385 1) 6111 532; (+385 1) 6111-984";NA;filozof@ifzg.hr;www.ifzg.hr;ravnatelj dr. sc. Luka Boršić
Institut za fiziku, Zagreb;NA;NA;Znanstvena ustanova;Bijenička cesta 46;Zagreb;"(+385 1) 4698 888; (+385 1) 4698 811";NA;ifs@ifs.hr;www.ifs.hr;ravnatelj dr. sc. Osor-Slaven Barišić
Institut za hrvatski jezik i jezikoslovlje, Zagreb;NA;NA;Znanstvena ustanova;Ulica Republike Austrije 16;Zagreb;(+385 1) 3783-833;NA;ihjj@ihjj.hr;www.ihjj.hr;ravnatelj dr. sc. Željko Jozić
Institut za informatičke inovacije, Sveti Križ Začretje;NA;NA;Znanstvena ustanova;Aleja Lavoslava Vukelića 2, Sveti Križ Začretje;Sveti Križ Začretje;(+385 49) 228-846;NA;janko@svetikriz.com;www.svetikriz.com;ravnatelj dr. sc. Janko Mršić-Flogel
Institut za istraživanje;NA;NA;Znanstvena ustanova;ILICA 256B, Zagreb;Zagreb;(+385 1) 3784-690;(+385 1) 3784-878;dario.matika@morh.hr;www.morh.hr;ravnatelj dr. sc. Dario Matika
Institut za istraživanje i razvoj održivih eko sustava;NA;NA;Znanstvena ustanova;Jagodno 100a;Velika Gorica;(+385 1) 6168-522;NA;ires@ires.hr;www.ires.hr;ravnatelj dr. sc. Zoran Pišl
Institut za jadranske kulture i melioraciju krša, Split;NA;NA;Znanstvena ustanova;Put Duilova 11;Split;(+385 21) 434 444, (+385 21) 434 434, (+385 21) 434 485;NA;ured@krs.hr;www.krs.hr;ravnateljica dr. sc. Katja Žanić
Institut za javne financije, Zagreb;NA;NA;Znanstvena ustanova;Smičiklasova 21;Zagreb;"(+385 1) 4886 444; (+385 1) 4819 363";NA;ured@ijf.hr;www.ijf.hr;ravnatelj izv. prof. dr. sc. Vjekoslav Bratić
Institut za medicinska istraživanja i medicinu rada, Zagreb;NA;NA;Znanstvena ustanova;Ksaverska cesta 2;Zagreb;(+385 1) 4682-502;NA;uprava@imi.hr;http://www.imi.hr;ravnateljica prof. dr. sc. Ana Lucić Vrdoljak
Institut za migracije i narodnosti, Zagreb;NA;NA;Znanstvena ustanova;Trg Stjepana Radića 3;Zagreb;(+385 1) 6111-586, (+385 1) 6111-563;(+385 1) 6119-680;imin@imin.hr;www.imin.hr;ravnateljica dr. sc. Marina Perić Kaselj
Institut za oceanografiju i ribarstvo, Split;NA;NA;Znanstvena ustanova;Šetalište I.Meštrovića 63;Split;(+385 21) 408-000, (+385 21) 408-002;NA;office@izor.hr;www.izor.hr;ravnatelj dr. sc. Nedo Vrgoč
Institut za poljoprivredu i turizam, Poreč;NA;NA;Znanstvena ustanova;C. Huguesa 8;Poreč - Parenzo;(+385 52) 408 300;NA;institut@iptpo.hr;www.iptpo.hr;ravnatelj dr. sc. Dean Ban
Institut za povijest umjetnosti, Zagreb;NA;NA;Znanstvena ustanova;Ulica grada Vukovara 68;Zagreb;(+385 1) 6112 744;NA;ured@ipu.hr;www.ipu.hr;ravnateljica dr. sc. Katarina Horvat-Levaj
Institut za razvoj i međunarodne odnose;NA;NA;Znanstvena ustanova;Ljudevita Farkaša Vukotinovića 2;Zagreb;"(+385 1) 4877-460;(+385 1) 4877-461";NA;ured@irmo.hr;www.irmo.hr;ravnateljica dr. sc. Sanja Tišma
Institut za turizam, Zagreb;NA;NA;Znanstvena ustanova;Vrhovec 5;Zagreb;(+385 1) 3909 666;NA;ured@iztzg.hr;www.iztzg.hr;ravnatelj dr. sc. Damir Krešić
Katolički bogoslovni fakultet, Đakovo;Sveučilište  Josipa Jurja Strossmayera u Osijeku;Fakultet;Znanstvena ustanova i visoko učilište;Petra Preradovića 17;Đakovo;(+385 31) 802 400;(+385 31) 802 403;"tajnistvo@djkbf.hr; dekan@djkbf.hr";www.djkbf.unios.hr;dekan dr. sc. Vladimir Dugalić
Katolički bogoslovni fakultet, Split;Sveučilište u Splitu;Fakultet;Znanstvena ustanova i visoko učilište;Zrinsko-Frankopanska 19;Split;(+385 21) 308 300;"(+385 21) 386 144; 386 142";office@kbf-st.hr;www.kbf.unist.hr;dekan dr. sc. Mladen Parlov
Katolički bogoslovni fakultet, Zagreb;Sveučilište u Zagrebu;Fakultet;Znanstvena ustanova i visoko učilište;Vlaška 38;Zagreb;"(+385 1) 4890 400; (+385 1) 4890 402";(+385 1) 4814 704;"kbf@kbf.unizg.hr;ured@kbf.unizg.hr";www.kbf.unizg.hr;dekan mr. sc. Josip Šimunović
"KBC ""Sestre Milosrdnice""";NA;NA;Znanstvena ustanova;Vinogradska cesta 29;Zagreb;(+385 1) 3787-111, (+385 1) 3768-295;NA;"ravnatelj-kbsm@mail.com;kbcsm@kbcsm.hr";www.kbcsm.hr;ravnatelj prof. dr. sc. Davor Vagić
KBC Split;NA;NA;Znanstvena ustanova;Spinčićeva 1;Split;"(+385 21) 556-516, (+385 21) 556-200;(+385 21) 556-517";NA;office@kbsplit.hr;www.kbsplit.hr;sanacijski upravitelj dr. sc. Nikola Kolja Poljak
Kemijsko-tehnološki fakultet, Split;Sveučilište u Splitu;Fakultet;Znanstvena ustanova i visoko učilište;Ruđera Boškovića 35;Split;(+385 21) 329 422;(+385 21) 329 461;dekanat@ktf-split.hr;www.ktf.unist.hr;dekan prof. dr. sc. Matko Erceg
Kineziološki fakultet, Split;Sveučilište u Splitu;Fakultet;Znanstvena ustanova i visoko učilište;Ulica Nikole Tesle 6;Split;(+385 21) 302 440;(+385 21) 385 382;dekanat@kifst.hr;www.kifst.unist.hr;dekan prof. dr. sc. Damir Sekulić
Kineziološki fakultet, Zagreb;Sveučilište u Zagrebu;Fakultet;Znanstvena ustanova i visoko učilište;Horvaćanski zavoj 15;Zagreb;(+385 1) 3658 666;(+385 1) 3634 146;dekanat@kif.unizg.hr;www.kif.unizg.hr;dekan izv. prof. dr. sc. Tomislav Krističević
"Klinička bolnica ""Dubrava""";NA;NA;Znanstvena ustanova;Avenija Gojka Šuška 6;Zagreb;(+385 1) 2902-444;NA;kbd@kbd.hr;NA;ravnatelj dr. sc. Milan Kujundžić
"Klinička bolnica ""Merkur""";NA;NA;Znanstvena ustanova;Zajčeva ulica 19;Zagreb;(+385 1) 2431-396, (+385 1) 2431-390;NA;ravnateljstvo@kb-merkur.hr;www.kb-merkur.hr;ravnatelj doc. dr. sc. Željko Vidas
"Klinička bolnica ""Sveti Duh""";NA;NA;Znanstvena ustanova;Sveti Duh 64;Zagreb;(+385 1) 3712-111, (+385 1) 3712-153;(+385 1) 3712 308;kb@kbsd.hr;www.kbsd.hr;ravnatelj Miran Martinac
Klinički bolnički centar Osijek;NA;NA;Znanstvena ustanova;Ulica Josipa Huttlera 4;Osijek;(+385 31) 511-106;NA;znanstvena.jedinica@kbco.hr;http://www.kbco.hr;ravnatelj doc. dr. sc. Željko Zubčić
Klinički bolnički centar Rijeka;NA;NA;Znanstvena ustanova;Krešimirova 42;Rijeka;(+385 51) 658 802;NA;ravnateljstvo@kbc-rijeka.hr;www.kbc-rijeka.hr;ravnatelj prof. dr. sc. Herman Haller
Klinički bolnički centar Zagreb;NA;NA;Znanstvena ustanova;Šalata 2;Zagreb;(+385 1) 2368 987, (+385 1) 2368 729;(+385 1) 2379 922;ravnatelj@kbc-zagreb.hr, klinicki.bolnicki.centar.zagreb@kbc-zagreb.hr;www.kbc-zagreb.hr;ravnatelj akademik Željko Reiner
Klinika za dječje bolesti;NA;NA;Znanstvena ustanova;Klaićeva 16;Zagreb;01/4600 100;01/4826 053;kdb@kdb.hr;www.kdb.hr;sanacijski upravitelj Osman Kadić
Institut za oceanografiju i ribarstvo, Split;NA;NA;Znanstvena ustanova;Šetalište I.Meštrovića 63;Split;(+385 21) 408-000, (+385 21) 408-002;NA;office@izor.hr;www.izor.hr;ravnatelj dr. sc. Nedo Vrgoč
Institut za poljoprivredu i turizam, Poreč;NA;NA;Znanstvena ustanova;C. Huguesa 8;Poreč - Parenzo;(+385 52) 408 300;NA;institut@iptpo.hr;www.iptpo.hr;ravnatelj dr. sc. Dean Ban
Institut za povijest umjetnosti, Zagreb;NA;NA;Znanstvena ustanova;Ulica grada Vukovara 68;Zagreb;(+385 1) 6112 744;NA;ured@ipu.hr;www.ipu.hr;ravnateljica dr. sc. Katarina Horvat-Levaj
Institut za razvoj i međunarodne odnose;NA;NA;Znanstvena ustanova;Ljudevita Farkaša Vukotinovića 2;Zagreb;"(+385 1) 4877-460;(+385 1) 4877-461";NA;ured@irmo.hr;www.irmo.hr;ravnateljica dr. sc. Sanja Tišma
Institut za turizam, Zagreb;NA;NA;Znanstvena ustanova;Vrhovec 5;Zagreb;(+385 1) 3909 666;NA;ured@iztzg.hr;www.iztzg.hr;ravnatelj dr. sc. Damir Krešić
Katolički bogoslovni fakultet, Đakovo;Sveučilište  Josipa Jurja Strossmayera u Osijeku;Fakultet;Znanstvena ustanova i visoko učilište;Petra Preradovića 17;Đakovo;(+385 31) 802 400;(+385 31) 802 403;"tajnistvo@djkbf.hr; dekan@djkbf.hr";www.djkbf.unios.hr;dekan dr. sc. Vladimir Dugalić
Katolički bogoslovni fakultet, Split;Sveučilište u Splitu;Fakultet;Znanstvena ustanova i visoko učilište;Zrinsko-Frankopanska 19;Split;(+385 21) 308 300;"(+385 21) 386 144; 386 142";office@kbf-st.hr;www.kbf.unist.hr;dekan dr. sc. Mladen Parlov
Katolički bogoslovni fakultet, Zagreb;Sveučilište u Zagrebu;Fakultet;Znanstvena ustanova i visoko učilište;Vlaška 38;Zagreb;"(+385 1) 4890 400; (+385 1) 4890 402";(+385 1) 4814 704;"kbf@kbf.unizg.hr;ured@kbf.unizg.hr";www.kbf.unizg.hr;dekan mr. sc. Josip Šimunović
"KBC ""Sestre Milosrdnice""";NA;NA;Znanstvena ustanova;Vinogradska cesta 29;Zagreb;(+385 1) 3787-111, (+385 1) 3768-295;NA;"ravnatelj-kbsm@mail.com;kbcsm@kbcsm.hr";www.kbcsm.hr;ravnatelj prof. dr. sc. Davor Vagić
KBC Split;NA;NA;Znanstvena ustanova;Spinčićeva 1;Split;"(+385 21) 556-516, (+385 21) 556-200;(+385 21) 556-517";NA;office@kbsplit.hr;www.kbsplit.hr;sanacijski upravitelj dr. sc. Nikola Kolja Poljak
Kemijsko-tehnološki fakultet, Split;Sveučilište u Splitu;Fakultet;Znanstvena ustanova i visoko učilište;Ruđera Boškovića 35;Split;(+385 21) 329 422;(+385 21) 329 461;dekanat@ktf-split.hr;www.ktf.unist.hr;dekan prof. dr. sc. Matko Erceg
Kineziološki fakultet, Split;Sveučilište u Splitu;Fakultet;Znanstvena ustanova i visoko učilište;Ulica Nikole Tesle 6;Split;(+385 21) 302 440;(+385 21) 385 382;dekanat@kifst.hr;www.kifst.unist.hr;dekan prof. dr. sc. Damir Sekulić
Kineziološki fakultet, Zagreb;Sveučilište u Zagrebu;Fakultet;Znanstvena ustanova i visoko učilište;Horvaćanski zavoj 15;Zagreb;(+385 1) 3658 666;(+385 1) 3634 146;dekanat@kif.unizg.hr;www.kif.unizg.hr;dekan izv. prof. dr. sc. Tomislav Krističević
"Klinička bolnica ""Dubrava""";NA;NA;Znanstvena ustanova;Avenija Gojka Šuška 6;Zagreb;(+385 1) 2902-444;NA;kbd@kbd.hr;NA;ravnatelj dr. sc. Milan Kujundžić
"Klinička bolnica ""Merkur""";NA;NA;Znanstvena ustanova;Zajčeva ulica 19;Zagreb;(+385 1) 2431-396, (+385 1) 2431-390;NA;ravnateljstvo@kb-merkur.hr;www.kb-merkur.hr;ravnatelj doc. dr. sc. Željko Vidas
"Klinička bolnica ""Sveti Duh""";NA;NA;Znanstvena ustanova;Sveti Duh 64;Zagreb;(+385 1) 3712-111, (+385 1) 3712-153;(+385 1) 3712 308;kb@kbsd.hr;www.kbsd.hr;ravnatelj Miran Martinac
Klinički bolnički centar Osijek;NA;NA;Znanstvena ustanova;Ulica Josipa Huttlera 4;Osijek;(+385 31) 511-106;NA;znanstvena.jedinica@kbco.hr;http://www.kbco.hr;ravnatelj doc. dr. sc. Željko Zubčić
Klinički bolnički centar Rijeka;NA;NA;Znanstvena ustanova;Krešimirova 42;Rijeka;(+385 51) 658 802;NA;ravnateljstvo@kbc-rijeka.hr;www.kbc-rijeka.hr;ravnatelj prof. dr. sc. Herman Haller
Klinički bolnički centar Zagreb;NA;NA;Znanstvena ustanova;Šalata 2;Zagreb;(+385 1) 2368 987, (+385 1) 2368 729;(+385 1) 2379 922;ravnatelj@kbc-zagreb.hr, klinicki.bolnicki.centar.zagreb@kbc-zagreb.hr;www.kbc-zagreb.hr;ravnatelj akademik Željko Reiner
Klinika za dječje bolesti;NA;NA;Znanstvena ustanova;Klaićeva 16;Zagreb;01/4600 100;01/4826 053;kdb@kdb.hr;www.kdb.hr;sanacijski upravitelj Osman Kadić
"Klinika za infektivne bolesti ""Dr Fran Mihaljević""";NA;NA;Znanstvena ustanova;Mirogojska cesta 8;Zagreb;(+385 1) 2826-222, (+385 1) 2826-250;NA;bfm@bfm.hr;NA;v.d. ravnatelj prof. dr. sc. Ilija Kuzman
Klinika za ortopediju Lovran;NA;NA;Znanstvena ustanova;Šetalište M. Tita 1;Lovran;(+385 51) 710 200;(+385 51) 292-098;klinika.lovran@ri.t-com.hr;www.orto-lovran.hr;ravnatelj prof. dr. sc. Branko Šestan
Klinika za psihijatriju Vrapče;NA;NA;Znanstvena ustanova;Bolnička cesta 32;Zagreb;(+385 1) 3780-666, (+385 1) 3780-600;(+385 1) 3483-660;tajnistvo@bolnica-vrapce.hr;www.bolnica-vrapce.hr;ravnatelj prof. dr. sc. Vlado Jukić
KONČAR - Institut za elektrotehniku d.d.;NA;NA;Znanstvena ustanova;Fallerovo šetalište 22;Zagreb;(+385 1) 3667-315;NA;dnogic@koncar-institut.hr;www.koncar-institut.hr;predsjednik dr. sc. Siniša Marijan
Leksikografski zavod;NA;NA;Znanstvena ustanova;Frankopanska 26;Zagreb;(+385 1) 4800 333;NA;lzmk@lzmk.hr;www.lzmk.hr;ravnatelj dr. sc. Antun Vujić
Libertas Međunarodno sveučilište, Zagreb;NA;Sveučilište;Znanstvena ustanova i visoko učilište;Trg J. F. Kennedy 6b;Zagreb;(+385 1) 5633 101;(+385 1) 5633 111;asamodol@libertas.hr;www.libertas.hr;v.d. rektor dr. sc. Ivo Andrijanić
Medicinski fakultet, Osijek;Sveučilište  Josipa Jurja Strossmayera u Osijeku;Fakultet;Znanstvena ustanova i visoko učilište;Josipa Huttlera 4;Osijek;(+385 31) 512 800;(+385 31) 512 833;medicina@mefos.hr;www.mefos.unios.hr;dekan mr. sc. Ivica Mihaljević
Medicinski fakultet, Rijeka;Sveučilište u Rijeci;Fakultet;Znanstvena ustanova i visoko učilište;Braće Branchetta 20;Rijeka;(+385 51) 651 203;(+385 51) 675 806;dekanat_medri@uniri.hr;www.medri.uniri.hr;dekan izv. prof. dr. sc. Goran Hauser
Medicinski fakultet, Split;Sveučilište u Splitu;Fakultet;Znanstvena ustanova i visoko učilište;Šoltanska 2;Split;(+385 21) 557 900;(+385 21) 557 625;office@mefst.hr;www.mefst.unist.hr;dekan prof. dr. sc. Ante Tonkić
Medicinski fakultet, Zagreb;Sveučilište u Zagrebu;Fakultet;Znanstvena ustanova i visoko učilište;Šalata 3;Zagreb;(+385 1) 4566 777;(+385 1) 4566 724;mf@mef.hr;www.mef.unizg.hr;dekan prof. dr. sc. Slavko Orešković
Mediteranski institut za istraživanje života;NA;NA;Znanstvena ustanova;Meštrovićevo šetalište 45;Split;(+385 21) 555-600;NA;medils@medils.hr;www.medils.hr;ravnatelj dr. sc. Miroslav Radman
Metalurški fakultet, Sisak;Sveučilište u Zagrebu;Fakultet;Znanstvena ustanova i visoko učilište;Aleja narodnih heroja 3;Sisak;"(+385 44) 533 379; 533 378";(+385 44) 533 378;dekanat@simet.hr;www.simet.unizg.hr;dekanica prof. dr. sc. Zdenka Zovko Brodarac
"MUP Centar za forenzična ispitivanja, istraživanja i vještačenja ""Ivan Vučetić""";NA;NA;Znanstvena ustanova;Ilica 335;Zagreb;(+3851) 3778-231;(+3851) 3788-051;aledic@mup.hr;https://forenzika.gov.hr;načelnica Andrea Ledić
MUP Policijska akademija – Visoka policijska škola, Zagreb;NA;Visoka škola;Znanstvena ustanova i visoko učilište;Avenija Gojka Šuška 1;Zagreb;(+385 1) 2426 311;(+385 1) 2426 415;"vps@fkz.hr; policijska.akademija@mup.hr";https://policijska-akademija.gov.hr/visoka-policijska-skola/43;dekan dr. sc. Krunoslav Borovec
Muzička akademija, Zagreb;Sveučilište u Zagrebu;Umjetnička akademija;Znanstvena ustanova i visoko učilište;Trg Republike Hrvatske 12;Zagreb;(+385 1) 4810-200;(+385 1) 4872 380;"muza@muza.hr;dekanat@muza.hr";www.muza.unizg.hr;dekan Igor Lešnik
Nacionalna i sveučilišna knjižnica u Zagrebu;Sveučilište u Zagrebu;NA;Znanstvena ustanova;Hrvatske bratske zajednice 4;Zagreb;(+385 1) 6164 002;NA;ured@nsk.hr;www.nsk.hr;ravnateljica dr. sc. Tatijana Petrić
Nacionalni centar za vanjsko vrednovanje obrazovanja;NA;NA;Znanstvena ustanova;Damira Tomljanovića Gavrana 11;Zagreb;(+385 1) 4501-800;(+385 1) 4501-801;ncvvo@ncvvo.hr;www.ncvvo.hr;ravnateljica Ivana Katavić
"Nastavni zavod za javno zdravstvo ""Dr. Andrija Štampar""";NA;NA;Znanstvena ustanova;Mirogojska cesta 16;Zagreb;(+385 1) 4696 100;(+385 1) 4678 102;uprava@stampar.hr;www.stampar.hr;ravnatelj Zvonimir Šostar
OIKON d.o.o.;NA;NA;Znanstvena ustanova;Trg senjskih uskoka 1-2;Zagreb;(+385 1) 5507-100;(+385 1) 5507-101;oikon@oikon.hr;www.oikon.hr;ravnatelj dr. sc. Zdravko Špirić
"Opća bolnica ""Dr. Josip Benčević""";NA;NA;Znanstvena ustanova;Andrije Štampara 42;Slavonski Brod;(+385 35) 201-201;NA;opca-bolnica-sb@sb.t-com.hr;www.bolnicasb.hr;ravnatelj dr. sc. Milan Bitunjac
Opća bolnica Dubrovnik;NA;NA;Znanstvena ustanova;Dr. Roka Mišetića 2;Dubrovnik;(+385 20) 431-777;(+385 20) 426-149;uprava@bolnica-du.hr;www.bolnica-du.hr;ravnatelj Branko Bazdan
Opća bolnica Karlovac;NA;NA;Znanstvena ustanova;Andrije Štampara 3;Karlovac;(+385 47) 608-100, (+385 47) 608-001;NA;info@bolnica-karlovac.hr;NA;ravnatelj doc. dr. sc. Ervin Jančić
Opća bolnica Pula;NA;NA;Znanstvena ustanova;Zagrebačka 30;Pula - Pola;(+385 52) 376-400;NA;obpula@obpula.hr;www.obpula.hr;ravnatelj Lems Jerin
Opća bolnica Šibenik;NA;NA;Znanstvena ustanova;Stjepana Radića 83;Šibenik;(+385 22) 332-760, (+385 22) 246-246;NA;opca-bolnica-sibenik3@si.t-com.hr;si.hatenet.hr;ravnatelj Željko Burić
Opća bolnica Varaždin;NA;NA;Znanstvena ustanova;Ivana Meštrovića bb;Varaždin;(+385 42) 393-000;NA;ravnateljstvo@bv.hr;www.obv.hr;ravnatelj Dubravko Tršinski
Opća bolnica Zabok;NA;NA;Znanstvena ustanova;Bračak 8;Zabok;(+385 49) 204 000, (+385 49) 204 011;(+385 49) 204 019;informacije@bolnica-zabok.hr;www.bolnica-zabok.hr;ravnatelj Stanko Belina
Opća bolnica Zadar;NA;NA;Znanstvena ustanova;Bože Peričića 5;Zadar;023/505 119;023/315 724;zculina065@gmail.com;www.bolnica-zadar.hr;ravnatelj Željko Čulina
Opća županijska bolnica Požega;NA;NA;Znanstvena ustanova;Osječka 107;Požega;(+385 34) 254-555, (+385 34) 254-505;NA;info@pozeska-bolnica.hr;www.pozeska-bolnica.hr;ravnatelj prof. dr. sc. Željko Glavić
PLIVA HRVATSKA d.o.o.;NA;NA;Znanstvena ustanova;Prilaz baruna Filipovića 25;Zagreb;(+385 1) 3720-600;NA;tatjana.medjesi@pliva.hr;www.pliva.com;predsjednik uprave Tihomir Orešković
"PODRAVKA prehrambena industrija d.d. FC ""Istraživanje i razvoj";NA;NA;Znanstvena ustanova;Ante Starčevića 32;Koprivnica;(+385 48) 651-100;(+385 48) 622-518;podravka@podravka.hr;www.podravka.hr;NA
Mediteranski institut za istraživanje života;NA;NA;Znanstvena ustanova;Meštrovićevo šetalište 45;Split;(+385 21) 555-600;NA;medils@medils.hr;www.medils.hr;ravnatelj dr. sc. Miroslav Radman
Metalurški fakultet, Sisak;Sveučilište u Zagrebu;Fakultet;Znanstvena ustanova i visoko učilište;Aleja narodnih heroja 3;Sisak;"(+385 44) 533 379; 533 378";(+385 44) 533 378;dekanat@simet.hr;www.simet.unizg.hr;dekanica prof. dr. sc. Zdenka Zovko Brodarac
"MUP Centar za forenzična ispitivanja, istraživanja i vještačenja ""Ivan Vučetić""";NA;NA;Znanstvena ustanova;Ilica 335;Zagreb;(+3851) 3778-231;(+3851) 3788-051;aledic@mup.hr;https://forenzika.gov.hr;načelnica Andrea Ledić
MUP Policijska akademija – Visoka policijska škola, Zagreb;NA;Visoka škola;Znanstvena ustanova i visoko učilište;Avenija Gojka Šuška 1;Zagreb;(+385 1) 2426 311;(+385 1) 2426 415;"vps@fkz.hr; policijska.akademija@mup.hr";https://policijska-akademija.gov.hr/visoka-policijska-skola/43;dekan dr. sc. Krunoslav Borovec
Muzička akademija, Zagreb;Sveučilište u Zagrebu;Umjetnička akademija;Znanstvena ustanova i visoko učilište;Trg Republike Hrvatske 12;Zagreb;(+385 1) 4810-200;(+385 1) 4872 380;"muza@muza.hr;dekanat@muza.hr";www.muza.unizg.hr;dekan Igor Lešnik
Nacionalna i sveučilišna knjižnica u Zagrebu;Sveučilište u Zagrebu;NA;Znanstvena ustanova;Hrvatske bratske zajednice 4;Zagreb;(+385 1) 6164 002;NA;ured@nsk.hr;www.nsk.hr;ravnateljica dr. sc. Tatijana Petrić
Nacionalni centar za vanjsko vrednovanje obrazovanja;NA;NA;Znanstvena ustanova;Damira Tomljanovića Gavrana 11;Zagreb;(+385 1) 4501-800;(+385 1) 4501-801;ncvvo@ncvvo.hr;www.ncvvo.hr;ravnateljica Ivana Katavić
"Nastavni zavod za javno zdravstvo ""Dr. Andrija Štampar""";NA;NA;Znanstvena ustanova;Mirogojska cesta 16;Zagreb;(+385 1) 4696 100;(+385 1) 4678 102;uprava@stampar.hr;www.stampar.hr;ravnatelj Zvonimir Šostar
OIKON d.o.o.;NA;NA;Znanstvena ustanova;Trg senjskih uskoka 1-2;Zagreb;(+385 1) 5507-100;(+385 1) 5507-101;oikon@oikon.hr;www.oikon.hr;ravnatelj dr. sc. Zdravko Špirić
"Opća bolnica ""Dr. Josip Benčević""";NA;NA;Znanstvena ustanova;Andrije Štampara 42;Slavonski Brod;(+385 35) 201-201;NA;opca-bolnica-sb@sb.t-com.hr;www.bolnicasb.hr;ravnatelj dr. sc. Milan Bitunjac
Opća bolnica Dubrovnik;NA;NA;Znanstvena ustanova;Dr. Roka Mišetića 2;Dubrovnik;(+385 20) 431-777;(+385 20) 426-149;uprava@bolnica-du.hr;www.bolnica-du.hr;ravnatelj Branko Bazdan
Opća bolnica Karlovac;NA;NA;Znanstvena ustanova;Andrije Štampara 3;Karlovac;(+385 47) 608-100, (+385 47) 608-001;NA;info@bolnica-karlovac.hr;NA;ravnatelj doc. dr. sc. Ervin Jančić
Opća bolnica Pula;NA;NA;Znanstvena ustanova;Zagrebačka 30;Pula - Pola;(+385 52) 376-400;NA;obpula@obpula.hr;www.obpula.hr;ravnatelj Lems Jerin
Opća bolnica Šibenik;NA;NA;Znanstvena ustanova;Stjepana Radića 83;Šibenik;(+385 22) 332-760, (+385 22) 246-246;NA;opca-bolnica-sibenik3@si.t-com.hr;si.hatenet.hr;ravnatelj Željko Burić
Opća bolnica Varaždin;NA;NA;Znanstvena ustanova;Ivana Meštrovića bb;Varaždin;(+385 42) 393-000;NA;ravnateljstvo@bv.hr;www.obv.hr;ravnatelj Dubravko Tršinski
Opća bolnica Zabok;NA;NA;Znanstvena ustanova;Bračak 8;Zabok;(+385 49) 204 000, (+385 49) 204 011;(+385 49) 204 019;informacije@bolnica-zabok.hr;www.bolnica-zabok.hr;ravnatelj Stanko Belina
Opća bolnica Zadar;NA;NA;Znanstvena ustanova;Bože Peričića 5;Zadar;023/505 119;023/315 724;zculina065@gmail.com;www.bolnica-zadar.hr;ravnatelj Željko Čulina
Opća županijska bolnica Požega;NA;NA;Znanstvena ustanova;Osječka 107;Požega;(+385 34) 254-555, (+385 34) 254-505;NA;info@pozeska-bolnica.hr;www.pozeska-bolnica.hr;ravnatelj prof. dr. sc. Željko Glavić
PLIVA HRVATSKA d.o.o.;NA;NA;Znanstvena ustanova;Prilaz baruna Filipovića 25;Zagreb;(+385 1) 3720-600;NA;tatjana.medjesi@pliva.hr;www.pliva.com;predsjednik uprave Tihomir Orešković
"PODRAVKA prehrambena industrija d.d. FC ""Istraživanje i razvoj";NA;NA;Znanstvena ustanova;Ante Starčevića 32;Koprivnica;(+385 48) 651-100;(+385 48) 622-518;podravka@podravka.hr;www.podravka.hr;NA
Poliklinika Aviva;NA;NA;Znanstvena ustanova;Nemetova 2;Zagreb;(+385 1) 4693 101;NA;vida.demarin@poliklinika-nemetova.hr;NA;medicinski direktor akademkinja Vida Demarin
Poliklinika SUVAG;NA;NA;Znanstvena ustanova;Kneza Ljudevita Posavskog 10;Zagreb;(+385 1) 4629-600, (+385 1) 4629-603;NA;zagreb@suvag.hr;www.suvag.hr;ravnateljica dr. sc. Katarina Pavičić Dokoza
Poljoprivredni institut Osijek;NA;NA;Znanstvena ustanova;Južno predgrađe 17, p.p. 334;Osijek;(+385 31) 515-500;NA;institut@poljinos.hr;www.poljinos.hr;ravnatelj dr. sc. Zvonimir Zdunić
Pomorski fakultet, Rijeka;Sveučilište u Rijeci;Fakultet;Znanstvena ustanova i visoko učilište;Studentska 2;Rijeka;(+385 51) 338 411;(+385 51) 336 755;dekanat@pfri.hr;www.pfri.uniri.hr;dekan dr. sc. Alen Jugović
Pomorski fakultet, Split;Sveučilište u Splitu;Fakultet;Znanstvena ustanova i visoko učilište;Ruđera Boškovića 37;Split;(+385 21) 619 399;(+385 21) 619 499;dekan@pfst.hr;www.pfst.unist.hr;dekan prof. dr. sc. Pero Vidan
Pravni fakultet, Osijek;Sveučilište  Josipa Jurja Strossmayera u Osijeku;Fakultet;Znanstvena ustanova i visoko učilište;Ulica Stjepana Radića 13;Osijek;(+385 31) 224 500;(+385 31) 224 540;ured@zakon.pravos.hr;www.pravos.unios.hr;dekan izv. prof. dr. sc. Tunjica Petrašević
Pravni fakultet, Rijeka;Sveučilište u Rijeci;Fakultet;Znanstvena ustanova i visoko učilište;Hahlić 6;Rijeka;(+385 51) 359 500;NA;dekanat@pravri.hr;www.pravri.uniri.hr;dekanica prof. dr. sc. Vesna Crnić-Grotić
Pravni fakultet, Split;Sveučilište u Splitu;Fakultet;Znanstvena ustanova i visoko učilište;Ulica Domovinskog rata 8;Split;(+385 21) 393 555;(+385 21 393 597);dekanat@pravst.hr;www.pravst.unist.hr;dekan izv. prof. dr. sc. Ratko Brnabić
Pravni fakultet, Zagreb;Sveučilište u Zagrebu;Fakultet;Znanstvena ustanova i visoko učilište;Trg Republike Hrvatske  14;Zagreb;(+385 1) 4564 309;(+385 1) 4564 030;dekanat@pravo.hr;www.pravo.unizg.hr;dekan prof. dr. sc. Ivan Koprić
Prehrambeno-biotehnološki fakultet;Sveučilište u Zagrebu;Fakultet;Znanstvena ustanova i visoko učilište;Pierottijeva 6;Zagreb;(+385 1) 4605 000;(+385 1) 4836 083;dekan@pbf.hr;www.pbf.unizg.hr;dekanica dr. sc. Jadranka Frece
Prehrambeno-tehnološki fakultet, Osijek;Sveučilište  Josipa Jurja Strossmayera u Osijeku;Fakultet;Znanstvena ustanova i visoko učilište;Franje Kuhača 18;Osijek;(+385 31) 224 300;(+385 31) 207 115;office@ptfos.hr;www.ptfos.unios.hr;dekan prof. dr. sc. Jurislav Babić
Prirodoslovno-matematički fakultet, Split;Sveučilište u Splitu;Fakultet;Znanstvena ustanova i visoko učilište;Ruđera Boškovića 33;Split;(+385 21) 619 222;(+385 1) 619 227;dekanat@pmfst.hr;www.pmfst.unist.hr;dekan prof. dr. sc. Nikola Koceić Bilan
Prirodoslovno-matematički fakultet, Zagreb;Sveučilište u Zagrebu;Fakultet;Znanstvena ustanova i visoko učilište;Horvatovac 102/a;Zagreb;(+385 1) 4606 010;(+385 1) 4606 013;dekanat@dekanat.pmf.hr;www.pmf.unizg.hr;dekan prof. dr. sc. Mirko Planinić
"Psihijatrijska bolnica ""Sveti Ivan"" Zagreb";NA;NA;Znanstvena ustanova;Jankomir 11;Zagreb;"(+385 1) 3430-000;(+385 1) 3794 333";(+385 1) 3794-116;pbsvi@pbsvi.hr;www.pbsvi.hr;ravnatelj izv. prof. dr. sc. Igor Filipčić
RIT Croatia, Dubrovnik;NA;Visoka škola;Znanstvena ustanova i visoko učilište;Don Frana Bulića 6;Dubrovnik;(+385 20) 433 000;(+385 20) 433 001;ritcroatia@croatia.rit.edu;www.croatia.rit.edu;dekan mr. sc. Donald Hudspeth
Rudarsko-geološko-naftni fakultet, Zagreb;Sveučilište u Zagrebu;Fakultet;Znanstvena ustanova i visoko učilište;Pierottijeva 6;Zagreb;(+385 1) 5535 700;(+385 1) 4836 051;dekan@rgn.unizg.hr;www.rgn.unizg.hr;dekan izv. prof. dr. sc. Vladislav Brkić
Specijalna bolnica Sv. Katarina;NA;NA;Znanstvena ustanova;Bračak 8;Zabok;049/204 888;049/204 887;info@svkatarina.hr;www.svkatarina.hr;ravnateljica mr. sc. Nevenka Kovač
Specijalna bolnica Svjetlost;NA;NA;Znanstvena ustanova;Heinzelova 39;Zagreb;(+385 1) 7775 656;(+385 1) 7775 600;tajnica@svjetlost.hr;www.svjetlost.hr;ravnatelj prof. dr. sc. Nikica Gabrić
"Specijalna bolnica za ortopediju i opću kirurgiju ""Dr. Nemec"", Matulji";NA;NA;Znanstvena ustanova;Ul. Dalmatinskih brigada bb, Matulji;Matulji;(+385 51) 277-350;(+385 51) 273-901;NA;NA;ravnatelj dr. sc. Boris Nemec
Staroslavenski institut , Zagreb;NA;NA;Znanstvena ustanova;Demetrova 11;Zagreb;(+385 1) 4851 380;NA;info@stin.hr;www.stin.hr;ravnateljica dr. sc. Vida Vukoja
Stomatološki fakultet, Zagreb;Sveučilište u Zagrebu;Fakultet;Znanstvena ustanova i visoko učilište;Gundulićeva 5;Zagreb;"(+385 1) 4802 111;4807 350";"(+385 1) 4830 804; 4807 367";dekanat@sfzg.hr;www.sfzg.unizg.hr;dekanica prof. dr. sc. Zrinka Tarle
Sveučilište  Josipa Jurja Strossmayera u Osijeku;NA;Sveučilište;Znanstvena ustanova i visoko učilište;Trg Sv. Trojstva 3;Osijek;(+385 31) 224 102;NA;rektorat@unios.hr;www.unios.hr;dekan prof. dr. sc. Vlado Guberac
Sveučilište Josipa Jurja Strossmayera u Osijeku - Odjel za matematiku;Sveučilište  Josipa Jurja Strossmayera u Osijeku;Sveučilišni odjel;Znanstvena ustanova i visoko učilište;Trg Ljudevita Gaja 6;Osijek;(+385 31) 224 800;(+385 31) 224 801;math@mathos.hr;www.mathos.unios.hr;pročelnik Kristian Sabo
Sveučilište Jurja Dobrile u Puli;NA;Sveučilište;Znanstvena ustanova i visoko učilište;Zagrebačka ulica 30;Pula - Pola;(+385 52) 377 000;(+385 52) 216 416;ured@unipu.hr;www.unipu.hr;dekan prof. dr. sc. Alfio Barbieri
Sveučilište Sjever, Koprivnica;NA;Sveučilište;Znanstvena ustanova i visoko učilište;Trg dr. Žarka Dolinara 1;Koprivnica;(+385 48) 240 294;(+385 48) 240 295;info@unin.hr;http://www.unin.hr;rektor prof. dr. sc. Marin Milković
Sveučilište u Dubrovniku;NA;Sveučilište;Znanstvena ustanova i visoko učilište;Branitelja Dubrovnika 29;Dubrovnik;(+385 20) 445 700;(+385 20) 435 590;rektoratdu@unidu.hr;www.unidu.hr;rektor dr. sc. Nikša Burum
Sveučilište u Osijeku - Odjel za biologiju;Sveučilište  Josipa Jurja Strossmayera u Osijeku;Sveučilišni odjel;Znanstvena ustanova i visoko učilište;Cara Hadrijana 8/A;Osijek;(+385 31) 399 900;(+385 31) 399 939;info@biologija.unios.hr;www.biologija.unios.hr;pročelnica izv. prof. dr. sc. Tanja Žuna Pfeiffer
Sveučilište u Osijeku - Odjel za fiziku;Sveučilište  Josipa Jurja Strossmayera u Osijeku;Sveučilišni odjel;Znanstvena ustanova i visoko učilište;Trg Ljudevita Gaja 6;Osijek;(+385 31) 232 700;(+385 31) 232 701;ured@fizika.unios.hr;www.fizos.unios.hr;pročelnica dr. sc. Vanja Radolić
Sveučilište u Osijeku - Odjel za kemiju;Sveučilište  Josipa Jurja Strossmayera u Osijeku;Sveučilišni odjel;Znanstvena ustanova i visoko učilište;Cara Hadrijana 8/A;Osijek;(+385 31) 399 950;(+385 31) 399 969;info@kemija.unios.hr;www.kemija.unios.hr;pročelnica doc. dr. sc. Elvira Kovač-Andrić
Sveučilište u Rijeci;NA;Sveučilište;Znanstvena ustanova i visoko učilište;Trg braće Mažuranića 10;Rijeka;(+385 51) 406 500;(+385 51) 406 588;ured@uniri.hr;www.uniri.hr;rektorica prof. dr. sc. Snježana Prijić-Samaržija
